player_id,player_name,position,team,model_score,position_rank,recommendation
7523,"Trevor Lawrence",QB,JAX,82.9,1,START
8183,"Brock Purdy",QB,SF,78.5,2,START
421,"Matthew Stafford",QB,LAR,78.5,3,START
11563,"Bo Nix",QB,DEN,77.2,4,START
11564,"Drake Maye",QB,NE,75.7,5,START
4984,"Josh Allen",QB,BUF,75.5,6,START
4046,"Patrick Mahomes",QB,KC,73.9,7,START
6797,"Justin Herbert",QB,LAC,73,8,START
11560,"Caleb Williams",QB,CHI,71.5,9,START
3161,"Carson Wentz",QB,MIN,71.3,10,START
3294,"Dak Prescott",QB,DAL,71.3,11,START
3257,"Jacoby Brissett",QB,ARI,70.9,12,START
11566,"Jayden Daniels",QB,WAS,70.5,13,SIT
3163,"Jared Goff",QB,DET,69.8,14,SIT
6770,"Joe Burrow",QB,CIN,69.2,15,SIT
12545,"Tyler Shough",QB,NO,68.9,16,SIT
9758,"C.J. Stroud",QB,HOU,68.2,17,SIT
5849,"Kyler Murray",QB,MIN,67.9,18,SIT
6904,"Jalen Hurts",QB,PHI,67.6,19,SIT
9228,"Bryce Young",QB,CAR,67.3,20,SIT
4892,"Baker Mayfield",QB,TB,67.1,21,SIT
6804,"Jordan Love",QB,GB,66.3,22,SIT
5870,"Daniel Jones",QB,IND,64.1,23,SIT
12508,"Jaxson Dart",QB,NYG,64,24,SIT
96,"Aaron Rodgers",QB,PIT,62.7,25,SIT
12522,"Cam Ward",QB,TEN,61.6,26,SIT
7585,"Davis Mills",QB,HOU,61.2,27,SIT
1373,"Geno Smith",QB,NYJ,61.1,28,SIT
4881,"Lamar Jackson",QB,BAL,59.9,29,SIT
12524,"Shedeur Sanders",QB,CLE,58.2,30,SIT
11565,"J.J. McCarthy",QB,MIN,57.7,31,SIT
7591,"Justin Fields",QB,KC,57.4,32,SIT
2307,"Marcus Mariota",QB,WAS,56.9,33,SIT
1166,"Kirk Cousins",QB,LV,56.2,34,SIT
11562,"Spencer Rattler",QB,NO,55.9,35,SIT
4943,"Sam Darnold",QB,SEA,55.7,36,SIT
12538,"Brady Cook",QB,MIA,54.2,37,SIT
2306,"Jameis Winston",QB,NYG,54.1,38,SIT
6768,"Tua Tagovailoa",QB,ATL,52,39,SIT
827,"Tyrod Taylor",QB,GB,51.8,40,SIT
7527,"Mac Jones",QB,SF,51.7,41,SIT
19,"Joe Flacco",QB,CIN,51,42,SIT
260,"Josh Johnson",QB,CIN,46.3,43,SIT
11559,"Michael Penix",QB,ATL,46.2,44,SIT
11557,"Joe Milton",QB,DAL,44.4,45,SIT
7083,"Tyler Huntley",QB,BAL,43.8,46,SIT
8161,"Malik Willis",QB,MIA,43.7,47,SIT
12486,"Dillon Gabriel",QB,CLE,42.7,48,SIT
12500,"Quinn Ewers",QB,JAX,42.7,49,SIT
8002,"Shane Buechele",QB,BUF,39.2,50,SIT
4017,"Deshaun Watson",QB,CLE,38.7,51,SIT
10866,"Aidan O'Connell",QB,LV,37.6,52,SIT
7610,"Trey Lance",QB,LAC,37.1,53,SIT
12470,"Riley Leonard",QB,IND,35.5,54,SIT
12775,"Max Brosmer",QB,MIN,33.9,55,SIT
13269,"Fernando Mendoza",QB,LV,33.7,56,SIT
3976,"Mitchell Trubisky",QB,TEN,33.4,57,SIT
4972,"Mason Rudolph",QB,PIT,31.6,58,SIT
829,"Andy Dalton",QB,PHI,30.8,59,SIT
4574,"Cooper Rush",QB,ATL,30.5,60,SIT
9230,"Tanner McKee",QB,PHI,29.6,61,SIT
8160,"Kenny Pickett",QB,CAR,27.6,62,SIT
5127,"Kyle Allen",QB,BUF,22.6,63,SIT
4464,"Nick Mullens",QB,JAX,22.4,64,SIT
11648,"Kedon Slovis",QB,GB,21.7,65,SIT
9229,"Anthony Richardson",QB,IND,21.5,66,SIT
4179,"Joshua Dobbs",QB,DET,21,67,SIT
6011,"Gardner Minshew",QB,ARI,20.6,68,SIT
5854,"Drew Lock",QB,SEA,20.3,69,SIT
6136,"Jarrett Stidham",QB,DEN,18.1,70,SIT
7538,"Zach Wilson",QB,NO,17.2,71,SIT
12510,"Jalen Milroe",QB,SEA,16.3,72,SIT
11256,"Tyson Bagent",QB,CHI,13.5,73,SIT
9509,"Bijan Robinson",RB,ATL,76.3,1,START
4034,"Christian McCaffrey",RB,SF,72.6,2,START
9224,"Chase Brown",RB,CIN,65.6,3,START
3198,"Derrick Henry",RB,BAL,64.8,4,START
9226,"De'Von Achane",RB,MIA,62.8,5,START
4866,"Saquon Barkley",RB,PHI,61.4,6,START
9221,"Jahmyr Gibbs",RB,DET,60.8,7,START
6813,"Jonathan Taylor",RB,IND,60,8,START
12527,"Ashton Jeanty",RB,LV,59.8,9,START
8150,"Kyren Williams",RB,LAR,59.7,10,START
7543,"Travis Etienne",RB,NO,59.1,11,START
5850,"Josh Jacobs",RB,GB,59,12,START
7588,"Javonte Williams",RB,DAL,58.2,13,START
12507,"Omarion Hampton",RB,LAC,57.9,14,START
8138,"James Cook",RB,BUF,57.6,15,START
12512,"Quinshon Judkins",RB,CLE,56.6,16,START
12481,"Cam Skattebo",RB,NYG,55.8,17,START
11584,"Bucky Irving",RB,TB,54.7,18,START
6790,"D'Andre Swift",RB,CHI,54.5,19,START
9753,"Zach Charbonnet",RB,SEA,54.5,20,START
8228,"Jaylen Warren",RB,PIT,54.4,21,START
5967,"Tony Pollard",RB,TEN,53.9,22,START
7611,"Rhamondre Stevenson",RB,NE,53.2,23,START
8155,"Breece Hall",RB,NYJ,52.4,24,START
6806,"J.K. Dobbins",RB,DEN,50.6,25,FLEX
11655,"Tyrone Tracy",RB,NYG,50.6,26,FLEX
7567,"Kenny Gainwell",RB,TB,49.9,27,FLEX
12474,"Woody Marks",RB,HOU,49.3,28,FLEX
4199,"Aaron Jones",RB,MIN,49,29,FLEX
7021,"Rico Dowdle",RB,PIT,47.6,30,FLEX
12533,"Jacory Croskey-Merritt",RB,WAS,47.5,31,FLEX
8151,"Kenneth Walker",RB,KC,45.9,32,FLEX
12489,"RJ Harvey",RB,DEN,45.9,33,FLEX
4137,"James Conner",RB,ARI,45,34,FLEX
11588,"Jawhar Jordan",RB,HOU,44.3,35,FLEX
5892,"David Montgomery",RB,HOU,43.8,36,FLEX
10219,"Chris Rodriguez",RB,JAX,43.3,37,SIT
12529,"TreVeyon Henderson",RB,NE,42.1,38,SIT
11586,"Blake Corum",RB,LAR,41.6,39,SIT
11647,"Kimani Vidal",RB,LAC,41.3,40,SIT
4035,"Alvin Kamara",RB,NO,41,41,SIT
12534,"Kyle Monangai",RB,CHI,40.8,42,SIT
8408,"Jordan Mason",RB,MIN,40.2,43,SIT
7607,"Michael Carter",RB,TEN,39.7,44,SIT
8136,"Rachaad White",RB,WAS,39.6,45,SIT
9508,"Tyjae Spears",RB,TEN,39.5,46,SIT
7594,"Chuba Hubbard",RB,CAR,39.3,47,SIT
11581,"MarShawn Lloyd",RB,GB,37.9,48,SIT
13286,"Jadarian Price",RB,SEA,37.5,49,SIT
8205,"Isiah Pacheco",RB,DET,37.1,50,SIT
12472,"Raheim Sanders",RB,CLE,37.1,51,SIT
11589,"Trey Benson",RB,ARI,36.6,52,SIT
11643,"Jaylen Wright",RB,MIA,36.2,53,SIT
13414,"Kaelon Black",RB,SF,35.5,54,SIT
6130,"Devin Singletary",RB,NYG,35,55,SIT
4147,"Samaje Perine",RB,CIN,35,56,SIT
11583,"Jonathon Brooks",RB,CAR,34.8,57,SIT
13287,"Jeremiyah Love",RB,ARI,34.2,58,SIT
11435,"Emanuel Wilson",RB,SEA,33.8,59,SIT
12457,"Jaydon Blue",RB,PHI,33.3,60,SIT
8132,"Tyler Allgeier",RB,ARI,33.2,61,SIT
8181,"Connor Heyward",RB,LV,32.8,62,SIT
13305,"Mike Washington",RB,LV,32.8,63,SIT
13345,"Jonah Coleman",RB,DEN,32.6,64,SIT
11576,"Braelon Allen",RB,NYJ,32.3,65,SIT
9757,"Kendre Miller",RB,NO,32.2,66,SIT
13424,"Seth McGowan",RB,IND,31.9,67,SIT
13302,"Adam Randall",RB,BAL,31.8,68,SIT
9225,"Tank Bigsby",RB,PHI,31.7,69,SIT
12467,"Jordan James",RB,SF,31.5,70,SIT
13337,"Emmett Johnson",RB,KC,31.3,71,SIT
12495,"Ollie Gordon",RB,MIA,31.3,72,SIT
12490,"Bhayshul Tuten",RB,JAX,30.9,73,SIT
13347,"Demond Claiborne",RB,MIN,30.8,74,SIT
8154,"Brian Robinson",RB,ATL,30.6,75,SIT
8800,"Malik Davis",RB,DAL,30.6,76,SIT
12469,"Dylan Sampson",RB,CLE,30.5,77,SIT
13288,"Nicholas Singleton",RB,TEN,30.4,78,SIT
11571,"Isaiah Davis",RB,NYJ,29.7,79,SIT
11439,"Jaleel McLaughlin",RB,CLE,29.7,80,SIT
11199,"Emari Demercado",RB,DAL,29.4,81,SIT
9511,"Keaton Mitchell",RB,LAC,29,82,SIT
13047,"Jacardia Wright",RB,SEA,28.8,83,SIT
11575,"Ray Davis",RB,BUF,28.1,84,SIT
6039,"Ty Johnson",RB,BUF,27.8,85,SIT
11299,"Zavier Scott",RB,CHI,27.2,86,SIT
9510,"Lew Nichols",RB,PIT,26.8,87,SIT
12544,"LeQuint Allen",RB,JAX,26.4,88,SIT
4219,"Jeremy McNichols",RB,WAS,26.1,89,SIT
8139,"Zamir White",RB,NO,25.7,90,SIT
9506,"Sean Tucker",RB,TB,25.6,91,SIT
8230,"Ty Chandler",RB,NO,25.5,92,SIT
12504,"Kaleb Johnson",RB,GB,25.4,93,SIT
9220,"Evan Hull",RB,ARI,24.7,94,SIT
12928,"Amar Johnson",RB,LAC,24.4,95,SIT
5995,"Justice Hill",RB,BAL,24.4,96,SIT
12171,"British Brooks",RB,HOU,24.2,97,SIT
12491,"Corey Kiner",RB,NE,24.1,98,SIT
11370,"Chris Brooks",RB,GB,23.9,99,SIT
12897,"Nate Carter",RB,KC,23.9,100,SIT
6828,"AJ Dillon",RB,CAR,23.7,101,SIT
7528,"Najee Harris",RB,NYG,23.7,102,SIT
8423,"Brittain Brown",RB,CHI,23.3,103,SIT
8129,"Dameon Pierce",RB,PHI,22.4,104,SIT
12048,"George Holani",RB,SEA,22.4,105,SIT
4718,"Dare Ogunbowale",RB,LV,22,106,SIT
12455,"Brashard Smith",RB,KC,21.9,107,SIT
11570,"Rasheen Ali",RB,BAL,21.7,108,SIT
11649,"Kendall Milton",RB,CIN,21.2,109,SIT
8195,"Ronnie Rivers",RB,LAR,20.8,110,SIT
6659,"Craig Reynolds",RB,WAS,20.4,111,SIT
11237,"Jacob Saylors",RB,DET,20.3,112,SIT
11577,"Will Shipley",RB,PHI,20,113,SIT
8207,"Tyler Goodson",RB,ATL,19.8,114,SIT
12516,"Kalel Mullings",RB,TEN,19.6,115,SIT
8123,"Hassan Haskins",RB,NE,19.5,116,SIT
12787,"Josh Williams",RB,TB,19.5,117,SIT
11729,"Sione Vaki",RB,DET,19.5,118,SIT
12471,"DJ Giddens",RB,IND,19.2,119,SIT
12543,"Tahj Brooks",RB,CIN,19.2,120,SIT
11280,"Brady Russell",RB,SEA,18.7,121,SIT
8254,"Julius Chestnut",RB,TEN,18,122,SIT
7593,"Trey Sermon",RB,ATL,17.9,123,SIT
11651,"Isaac Guerendo",RB,SF,17.8,124,SIT
10235,"Roschon Johnson",RB,CHI,17.2,125,SIT
12656,"Robbie Ouzts",RB,SEA,17,126,SIT
2359,"Ameer Abdullah",RB,JAX,16.9,127,SIT
7204,"Reggie Gilliam",RB,NE,16.9,128,SIT
8208,"Tyler Badie",RB,DEN,16.9,129,SIT
11574,"Dylan Laube",RB,LV,16,130,SIT
6931,"DeeJay Dallas",RB,MIN,15.7,131,SIT
12531,"Trevor Etienne",RB,CAR,15.5,132,SIT
7720,"Kene Nwangwu",RB,NYJ,14.7,133,SIT
6012,"Travis Homer",RB,PIT,14.7,134,SIT
9493,"Puka Nacua",WR,LAR,69.6,1,START
7564,"Ja'Marr Chase",WR,CIN,61.4,2,START
8144,"Chris Olave",WR,NO,61.1,3,START
7547,"Amon-Ra St. Brown",WR,DET,58.7,4,START
9488,"Jaxon Smith-Njigba",WR,SEA,58,5,START
10229,"Rashee Rice",WR,KC,53.4,6,START
2133,"Davante Adams",WR,LAR,53.3,7,START
6794,"Justin Jefferson",WR,MIN,51.5,8,START
5859,"A.J. Brown",WR,NE,49.8,9,START
8112,"Drake London",WR,ATL,49.3,10,START
11632,"Malik Nabers",WR,NYG,49.3,11,START
8146,"Garrett Wilson",WR,NYJ,48,12,START
8126,"Wan'Dale Robinson",WR,TEN,47.9,13,START
9997,"Zay Flowers",WR,BAL,47.9,14,START
6786,"CeeDee Lamb",WR,DAL,47.8,15,START
9487,"Parker Washington",WR,JAX,47.6,16,START
7569,"Nico Collins",WR,HOU,47.1,17,START
2449,"Stefon Diggs",WR,WAS,46.8,18,START
8137,"George Pickens",WR,DAL,46.7,19,START
10232,"Michael Wilson",WR,ARI,46.6,20,START
5927,"Terry McLaurin",WR,WAS,46.6,21,START
7049,"Jauan Jennings",WR,MIN,46.3,22,START
6801,"Tee Higgins",WR,CIN,45.2,23,START
2216,"Mike Evans",WR,SF,44.9,24,START
12526,"Tetairoa McMillan",WR,CAR,44.9,25,FLEX
8167,"Christian Watson",WR,GB,44.6,26,FLEX
9754,"Quentin Johnston",WR,LAC,44.1,27,FLEX
5846,"DK Metcalf",WR,PIT,44,28,FLEX
7525,"DeVonta Smith",WR,PHI,43.9,29,FLEX
5045,"Courtland Sutton",WR,DEN,43.6,30,FLEX
8134,"Khalil Shakir",WR,BUF,43.2,31,FLEX
4983,"DJ Moore",WR,BUF,43.1,32,FLEX
5947,"Jakobi Meyers",WR,JAX,43.1,33,FLEX
8148,"Jameson Williams",WR,DET,42.2,34,FLEX
11834,"Devaughn Vele",WR,NO,40.7,35,FLEX
12519,"Luther Burden",WR,CHI,40.3,36,FLEX
11620,"Rome Odunze",WR,CHI,40.2,37,SIT
9756,"Jordan Addison",WR,MIN,39.8,38,SIT
7526,"Jaylen Waddle",WR,DEN,39.1,39,SIT
6783,"Jerry Jeudy",WR,CLE,39.1,40,SIT
11783,"Ryan Flournoy",WR,DAL,39.1,41,SIT
10222,"Jayden Reed",WR,GB,38.8,42,SIT
12860,"Theo Wease",WR,LAC,38.8,43,SIT
12514,"Emeka Egbuka",WR,TB,38.7,44,SIT
8200,"Kevin Austin",WR,NO,38.7,45,SIT
5872,"Deebo Samuel",WR,SF,38.5,46,SIT
11637,"Keon Coleman",WR,BUF,38.5,47,SIT
1479,"Keenan Allen",WR,IND,38.4,48,SIT
4037,"Chris Godwin",WR,TB,38.3,49,SIT
8121,"Romeo Doubs",WR,NE,38.1,50,SIT
6819,"Michael Pittman",WR,PIT,37.9,51,SIT
8142,"Alec Pierce",WR,IND,37.7,52,SIT
11635,"Ladd McConkey",WR,LAC,37.7,53,SIT
13301,"Antonio Williams",WR,WAS,37.5,54,SIT
11646,"Jalen Coker",WR,CAR,37.4,55,SIT
9500,"Josh Downs",WR,IND,37,56,SIT
13294,"Makai Lemon",WR,PHI,36.7,57,SIT
10213,"Tre Tucker",WR,LV,36.7,58,SIT
11631,"Brian Thomas",WR,JAX,36.3,59,SIT
4177,"Mack Hollins",WR,NE,35.9,60,SIT
12540,"Chimere Dike",WR,TEN,35.6,61,SIT
11628,"Marvin Harrison",WR,ARI,35.6,62,SIT
11625,"Adonai Mitchell",WR,NYJ,35.4,63,SIT
11627,"Troy Franklin",WR,DEN,35.4,64,SIT
11610,"Malik Washington",WR,MIA,35.2,65,SIT
13296,"Caleb Douglas",WR,MIA,35.1,66,SIT
13285,"Malachi Fields",WR,NYG,35.1,67,SIT
13298,"KC Concepcion",WR,CLE,35,68,SIT
12499,"Elic Ayomanor",WR,TEN,34.7,69,SIT
13281,"Jordyn Tyson",WR,NO,34.7,70,SIT
13346,"Denzel Boston",WR,CLE,34.6,71,SIT
6853,"Van Jefferson",WR,WAS,34.5,72,SIT
13279,"Carnell Tate",WR,TEN,33.5,73,SIT
13274,"Germie Bernard",WR,PIT,33.5,74,SIT
11626,"Xavier Legette",WR,CAR,33.1,75,SIT
5848,"Marquise Brown",WR,PHI,33,76,SIT
11638,"Ricky Pearsall",WR,SF,33,77,SIT
7090,"Darnell Mooney",WR,NYG,32.8,78,SIT
13329,"Malik Benson",WR,LV,32.8,79,SIT
5970,"Greg Dortch",WR,BUF,32.6,80,SIT
13320,"Zachariah Branch",WR,ATL,32.6,81,SIT
10444,"Cedric Tillman",WR,NO,32.5,82,SIT
9494,"Marvin Mims",WR,DEN,32.5,83,SIT
12492,"Pat Bryant",WR,DEN,32.5,84,SIT
4981,"Calvin Ridley",WR,TEN,31.8,85,SIT
13411,"Zavion Thomas",WR,CHI,31.8,86,SIT
9486,"Dontayvion Wicks",WR,PHI,31.7,87,SIT
12523,"Jimmy Horn",WR,CAR,31.7,88,SIT
8676,"Rashid Shaheed",WR,SEA,31.7,89,SIT
8147,"John Metchie",WR,CAR,31.6,90,SIT
11608,"Isaiah Williams",WR,NYJ,31.5,91,SIT
4039,"Cooper Kupp",WR,SEA,31.2,92,SIT
11624,"Xavier Worthy",WR,KC,31.1,93,SIT
13276,"Omar Cooper",WR,NYJ,31,94,SIT
12509,"Tre' Harris",WR,LAC,30.8,95,SIT
6271,"Olamide Zaccheaus",WR,ATL,30.6,96,SIT
8917,"KaVontae Turpin",WR,DAL,30.5,97,SIT
8125,"Calvin Austin",WR,NYG,30.4,98,SIT
12501,"Matthew Golden",WR,GB,30,99,SIT
11377,"Tyrell Shavers",WR,BUF,29.9,100,SIT
7587,"Dyami Brown",WR,WAS,29.8,101,SIT
13293,"Ja'Kobi Lane",WR,BAL,29.5,102,SIT
13417,"De'Zhaun Stribling",WR,SF,29.4,103,SIT
9501,"DeMario Douglas",WR,NE,28.9,104,SIT
9504,"Kayshon Boutte",WR,HOU,28.9,105,SIT
11806,"Casey Washington",WR,CAR,28.2,106,SIT
8223,"Velus Jones",WR,SEA,28.1,107,SIT
8180,"Jalen Nailor",WR,LV,28,108,SIT
12520,"Xavier Restrepo",WR,TEN,28,109,SIT
12484,"Jayden Higgins",WR,HOU,27.9,110,SIT
3286,"Demarcus Robinson",WR,SF,27.8,111,SIT
12503,"Isaiah Bond",WR,CLE,27.8,112,SIT
12542,"Efton Chism",WR,NE,27.6,113,SIT
5938,"Lil'Jordan Humphrey",WR,DEN,27.6,114,SIT
4950,"Christian Kirk",WR,SF,27.3,115,SIT
10218,"Xavier Hutchinson",WR,HOU,27.3,116,SIT
12541,"Dont'e Thornton",WR,LV,26.7,117,SIT
4454,"Kendrick Bourne",WR,ARI,26.7,118,SIT
11068,"Mitchell Tinsley",WR,HOU,26.6,119,SIT
10226,"Andrei Iosivas",WR,CIN,26.4,120,SIT
13150,"Darius Cooper",WR,PHI,26.3,121,SIT
11895,"Mason Tipton",WR,NO,26.3,122,SIT
12535,"Isaac TeSlaa",WR,DET,26.1,123,SIT
10221,"Ronnie Bell",WR,LV,26.1,124,SIT
8135,"Treylon Burks",WR,WAS,26,125,SIT
12718,"Konata Mumpfield",WR,LAR,25.9,126,SIT
7571,"Rashod Bateman",WR,BAL,25.8,127,SIT
11618,"Jalen McMillan",WR,TB,25.5,128,SIT
11617,"Malachi Corley",WR,CLE,25.5,129,SIT
12641,"Jaylin Lane",WR,WAS,25.3,130,SIT
12485,"Tez Johnson",WR,TB,25.3,131,SIT
12483,"Jack Bech",WR,LV,25.2,132,SIT
12497,"Tory Horton",WR,SEA,25.2,133,SIT
11630,"Roman Wilson",WR,PIT,25,134,SIT
3634,"Kalif Raymond",WR,CHI,24.9,135,SIT
11168,"Xavier Smith",WR,LAR,24.9,136,SIT
12547,"Kyle Williams",WR,NE,24.5,137,SIT
9497,"Jalin Hyatt",WR,NYG,24.4,138,SIT
8119,"Jahan Dotson",WR,ATL,24.3,139,SIT
11056,"Jared Wayne",WR,HOU,24.2,140,SIT
9489,"Justin Shorter",WR,LV,23.8,141,SIT
13079,"Jahdae Walker",WR,CHI,23.7,142,SIT
5154,"Trent Sherfield",WR,BUF,23.7,143,SIT
10225,"Jonathan Mingo",WR,DAL,23.5,144,SIT
12536,"Jaylin Noel",WR,HOU,23.4,145,SIT
11650,"Luke McCaffrey",WR,WAS,23.4,146,SIT
7596,"Elijah Moore",WR,PHI,23.3,147,SIT
5121,"Braxton Berrios",WR,NYG,23,148,SIT
11623,"Jordan Whittington",WR,LAR,22.7,149,SIT
8250,"Tay Martin",WR,DET,22.7,150,SIT
4351,"Tim Patrick",WR,NYJ,22.4,151,SIT
11474,"Dylan Drummond",WR,ATL,22.3,152,SIT
11506,"Jalen Moreno-Cropper",WR,NO,22.1,153,SIT
6154,"David Sills",WR,TB,22,154,SIT
3269,"Chris Moore",WR,BAL,21.6,155,SIT
11306,"Xavier Gipson",WR,PHI,21.6,156,SIT
7562,"Tutu Atwell",WR,LAR,21.5,157,SIT
12670,"KeAndre Lambert-Smith",WR,LAC,21.4,158,SIT
7746,"Austin Trammell",WR,JAX,21.3,159,SIT
12482,"Savion Williams",WR,GB,21.3,160,SIT
6386,"Alex Bachman",WR,LAR,21.2,161,SIT
12539,"Arian Smith",WR,NYJ,21.2,162,SIT
8188,"Tyquan Thornton",WR,KC,21.2,163,SIT
8414,"Britain Covey",WR,PHI,20.9,164,SIT
6699,"Gunner Olszewski",WR,NYG,20.9,165,SIT
8117,"Jalen Tolbert",WR,MIA,20.8,166,SIT
8076,"Michael Bandy",WR,DEN,20.7,167,SIT
7496,"Nick Westbrook-Ikhine",WR,IND,20.7,168,SIT
11911,"Jeshaun Jones",WR,MIN,20.4,169,SIT
4274,"David Moore",WR,CAR,19.9,170,SIT
11421,"Ryan Miller",WR,MIA,19.9,171,SIT
11210,"Malik Heath",WR,ATL,19.8,172,SIT
8168,"Skyy Moore",WR,GB,19.8,173,SIT
11157,"Brycen Tremayne",WR,CAR,19.6,174,SIT
10228,"Charlie Jones",WR,NYG,19.6,175,SIT
7595,"Tylan Wallace",WR,CLE,19.6,176,SIT
11034,"Jalen Brooks",WR,ARI,19.5,177,SIT
12634,"Jordan Watkins",WR,SF,19.1,178,SIT
8013,"Tim Jones",WR,JAX,19.1,179,SIT
10234,"Derius Davis",WR,LAC,18.9,180,SIT
8204,"Bo Melton",WR,GB,18.7,181,SIT
13075,"Myles Price",WR,MIN,18.2,182,SIT
12732,"Dominic Lovett",WR,DET,17.9,183,SIT
12496,"Tai Felton",WR,MIN,17.9,184,SIT
6588,"Tom Kennedy",WR,DET,17.8,185,SIT
6427,"Ashton Dulin",WR,IND,17.7,186,SIT
8253,"Deven Thompkins",WR,LV,17.6,187,SIT
12505,"Jalen Royals",WR,KC,17.6,188,SIT
11994,"Kameron Johnson",WR,TB,17.6,189,SIT
5773,"KhaDarel Hodge",WR,SF,17.6,190,SIT
12889,"Beaux Collins",WR,ATL,17.4,191,SIT
7757,"Ben Skowronek",WR,PIT,17.4,192,SIT
11629,"Devontez Walker",WR,BAL,17.4,193,SIT
12699,"LaJohntay Wester",WR,BAL,16.9,194,SIT
7521,"Chris Blair",WR,ATL,16.6,195,SIT
11762,"Anthony Gould",WR,IND,16.1,196,SIT
8755,"Kaden Davis",WR,CHI,15.8,197,SIT
12971,"Ke'Shawn Williams",WR,CIN,15.8,198,SIT
7039,"Cody White",WR,LV,15.2,199,SIT
7812,"Simi Fehoko",WR,ARI,15.1,200,SIT
3155,"Laquon Treadwell",WR,IND,14.9,201,SIT
12888,"Dalen Cambre",WR,NYG,14.7,202,SIT
6847,"Devin Duvernay",WR,ARI,14.3,203,SIT
11320,"Nikko Remigio",WR,KC,14,204,SIT
10867,"Jake Bobo",WR,SEA,13.5,205,SIT
8527,"Dareke Young",WR,LV,13.2,206,SIT
8130,"Trey McBride",TE,ARI,70.8,1,START
4217,"George Kittle",TE,SF,58.1,2,START
7553,"Kyle Pitts",TE,ATL,57.2,3,START
12506,"Harold Fannin",TE,CLE,54.2,4,START
5001,"Dalton Schultz",TE,HOU,52.6,5,START
5022,"Dallas Goedert",TE,PHI,51.7,6,START
9484,"Tucker Kraft",TE,GB,51.2,7,START
11604,"Brock Bowers",TE,LV,50.7,8,START
12517,"Colston Loveland",TE,CHI,46.8,9,START
1466,"Travis Kelce",TE,KC,46.1,10,START
9480,"Brenton Strange",TE,JAX,45.9,11,START
7002,"Juwan Johnson",TE,NO,45.9,12,START
6865,"Colby Parkinson",TE,LAR,45.8,13,SIT
12518,"Tyler Warren",TE,IND,45.5,14,SIT
10859,"Sam LaPorta",TE,DET,45.4,15,SIT
3214,"Hunter Henry",TE,NE,45,16,SIT
11603,"AJ Barner",TE,SEA,41.7,17,SIT
8111,"Cade Otton",TE,TB,41.6,18,SIT
8172,"Greg Dulcich",TE,MIA,41.6,19,SIT
8110,"Jake Ferguson",TE,DAL,41,20,SIT
8210,"Chig Okonkwo",TE,WAS,40.5,21,SIT
7600,"Pat Freiermuth",TE,PIT,39.5,22,SIT
11597,"Theo Johnson",TE,NYG,38.6,23,SIT
2505,"Darren Waller",TE,CAR,38.1,24,SIT
12498,"Mason Taylor",TE,NYJ,38.1,25,SIT
5906,"Dawson Knox",TE,BUF,38,26,SIT
5844,"T.J. Hockenson",TE,MIN,37.9,27,SIT
5012,"Mark Andrews",TE,BAL,37.8,28,SIT
10236,"Dalton Kincaid",TE,BUF,37.6,29,SIT
8041,"Shane Zylstra",TE,NE,37.2,30,SIT
12493,"Oronde Gadsden",TE,LAC,37,31,SIT
3271,"Tyler Higbee",TE,LAR,37,32,SIT
8698,"Jake Tonges",TE,SF,36.5,33,SIT
4066,"Evan Engram",TE,DEN,36,34,SIT
13421,"Eli Raridon",TE,NE,35.9,35,SIT
4033,"David Njoku",TE,LAC,35.6,36,SIT
11599,"Cade Stover",TE,HOU,35.5,37,SIT
13434,"Will Kacmarek",TE,MIA,35.3,38,SIT
13299,"Nate Boerkircher",TE,JAX,34.8,39,SIT
11592,"Erick All",TE,CIN,34.5,40,SIT
4993,"Mike Gesicki",TE,CIN,34.4,41,SIT
9482,"Michael Mayer",TE,LV,33.8,42,SIT
13330,"Kenyon Sadiq",TE,NYJ,33.6,43,SIT
9479,"Darnell Washington",TE,PIT,33.4,44,SIT
13349,"Eli Stowers",TE,PHI,33.1,45,SIT
4144,"Jonnu Smith",TE,GB,33,46,SIT
4995,"Ian Thomas",TE,LV,32.9,47,SIT
8131,"Isaiah Likely",TE,NYG,32.4,48,SIT
12487,"Terrance Ferguson",TE,LAR,31.5,49,SIT
9481,"Luke Musgrave",TE,GB,30.4,50,SIT
12502,"Gunnar Helm",TE,TEN,30.1,51,SIT
8489,"Drew Ogletree",TE,IND,29.8,52,SIT
6826,"Cole Kmet",TE,CHI,29.5,53,SIT
3202,"Austin Hooper",TE,ATL,29.3,54,SIT
13210,"Drake Dabney",TE,GB,29.2,55,SIT
7535,"Hunter Long",TE,ARI,28.3,56,SIT
10871,"Luke Schoonmaker",TE,DAL,28.1,57,SIT
8799,"Zaire Mitchell-Paden",TE,HOU,28,58,SIT
8170,"James Mitchell",TE,DAL,27.3,59,SIT
5857,"Noah Fant",TE,NO,27.2,60,SIT
7694,"Tommy Tremble",TE,CAR,27.2,61,SIT
8145,"Jeremy Ruckert",TE,NYJ,27.1,62,SIT
6001,"Drew Sample",TE,CIN,27,63,SIT
10231,"Elijah Higgins",TE,ARI,26.9,64,SIT
4054,"Mo Alie-Cox",TE,IND,26.6,65,SIT
8249,"Lucas Krull",TE,DEN,26.5,66,SIT
5409,"Tanner Hudson",TE,CIN,26.4,67,SIT
11596,"Ben Sinnott",TE,WAS,26.2,68,SIT
12658,"Jackson Hawes",TE,BUF,26.2,69,SIT
6869,"Adam Trautman",TE,DEN,26,70,SIT
8225,"Daniel Bellinger",TE,TEN,26,71,SIT
5985,"Foster Moreau",TE,HOU,25.7,72,SIT
7828,"Noah Gray",TE,KC,25.1,73,SIT
12521,"Elijah Arroyo",TE,SEA,24.9,74,SIT
7716,"John Bates",TE,WAS,24.9,75,SIT
7891,"Brock Wright",TE,DET,24.8,76,SIT
11433,"Nate Adkins",TE,DEN,24.8,77,SIT
11371,"Julian Hill",TE,NE,24.7,78,SIT
10214,"Davis Allen",TE,LAR,24.4,79,SIT
5973,"Josh Oliver",TE,MIN,24.3,80,SIT
12062,"Cam Grandy",TE,MIN,24.1,81,SIT
8177,"Grant Calcaterra",TE,PHI,24.1,82,SIT
8583,"Stone Smartt",TE,NO,23.8,83,SIT
4314,"Johnny Mundt",TE,PHI,23.7,84,SIT
12715,"Thomas Fidone",TE,NYG,23.3,85,SIT
11201,"Blake Whiteheart",TE,CLE,22.9,86,SIT
12480,"Moliki Matavao",TE,NO,22.9,87,SIT
11593,"Brevyn Spann-Ford",TE,DAL,22.3,88,SIT
12765,"Keleki Latu",TE,BUF,22.3,89,SIT
10224,"Brayden Willis",TE,SF,22.2,90,SIT
5133,"Tyler Conklin",TE,DET,22.1,91,SIT
11716,"Tip Reiman",TE,ARI,21.8,92,SIT
7536,"Quintin Morris",TE,JAX,21.6,93,SIT
10220,"Will Mallory",TE,IND,21.5,94,SIT
11600,"Ja'Tavion Sanders",TE,CAR,21.4,95,SIT
8219,"Jelani Woods",TE,NYJ,21.4,96,SIT
10212,"Josh Whyle",TE,GB,21.4,97,SIT
7842,"Luke Farrell",TE,SF,21.1,98,SIT
8127,"Charlie Kolar",TE,LAC,20.9,99,SIT
4189,"Eric Saubert",TE,SEA,20.9,100,SIT
12473,"Mitchell Evans",TE,CAR,20.9,101,SIT
7075,"Charlie Woerner",TE,ATL,20.8,102,SIT
11820,"Devin Culp",TE,TB,20.6,103,SIT
11595,"Jared Wiley",TE,KC,20.3,104,SIT
8227,"Teagan Quitoriano",TE,ARI,20.1,105,SIT
10227,"Payne Durham",TE,TB,19.8,106,SIT
11381,"Travis Vokolek",TE,ARI,19.7,107,SIT
10210,"Cameron Latu",TE,NE,19.6,108,SIT
12389,"Hayden Rucci",TE,JAX,19.6,109,SIT
4443,"Pharaoh Brown",TE,IND,19.3,110,SIT
12045,"Jack Westover",TE,WAS,19,111,SIT
5008,"Durham Smythe",TE,BAL,18.8,112,SIT
11942,"Colson Yankoff",TE,WAS,18.5,113,SIT
3048,"Chris Manhertz",TE,NYG,18.4,114,SIT
11304,"E.J. Jenkins",TE,PHI,18.4,115,SIT
8484,"Ko Kieft",TE,TB,18.2,116,SIT
4602,"Robert Tonyan",TE,PIT,17.7,117,SIT
7602,"Kylen Granson",TE,TEN,17.4,118,SIT
11508,"Princeton Fant",TE,DAL,17.4,119,SIT
12357,"David Martin-Robinson",TE,TEN,15.4,120,SIT
13121,"Ben Yurosek",TE,MIN,14.9,121,SIT
13151,"Nick Kallerup",TE,SEA,14.6,122,SIT
7531,"Feleipe Franks",TE,CAR,14.5,123,SIT
13122,"Carter Runyon",TE,LV,14.4,124,SIT
8107,"Nikola Kalinic",TE,CHI,14.2,125,SIT