player_id,player_name,position,team,opponent,offensive_play_caller,defensive_play_caller,play_caller_matchup_score,play_caller_historical_ppr,play_caller_sample_size,player_vs_defensive_caller_score,player_vs_defensive_caller_ppr,player_vs_defensive_caller_sample_size,model_score,position_rank,recommendation
7523,"Trevor Lawrence",QB,JAX,DEN,"Liam Coen","Vance Joseph",54,20.84,2,70,31.16,1,82.9,1,START
8183,"Brock Purdy",QB,SF,MIA,"Kyle Shanahan","Jeff Hafley",44,12.46,1,50,,0,78.5,2,START
421,"Matthew Stafford",QB,LA,NYG,"Sean McVay","Dennard Wilson",51,19.32,1,55,19.32,1,78.5,3,START
11563,"Bo Nix",QB,DEN,JAX,"Davis Webb","Anthony Campanile",50,,0,55,19.18,1,77.4,4,START
4046,"Patrick Mahomes",QB,KC,IND,"Andy Reid","Lou Anarumo",47,16.96,4,54,16.96,4,76.8,5,START
11564,"Drake Maye",QB,NE,PIT,"Josh McDaniels","Patrick Graham",50,17.78,1,53,17.78,1,75.7,6,START
4984,"Josh Allen",QB,BUF,DET,"Joe Brady","Kelvin Sheppard",50,,0,50,,0,75.5,7,START
6797,"Justin Herbert",QB,LAC,LV,"Mike McDaniel","Rob Leonard",50,,0,50,,0,73,8,START
11560,"Caleb Williams",QB,CHI,MIN,"Ben Johnson","Brian Flores",46,16.64,4,57,17.84,4,71.5,9,START
3161,"Carson Wentz",QB,MIN,CHI,"Kevin O'Connell","Dennis Allen",44,15.71,3,50,,0,71.3,10,START
3294,"Dak Prescott",QB,DAL,WAS,"Brian Schottenheimer","Daronte Jones",50,,0,50,,0,71.3,11,START
3257,"Jacoby Brissett",QB,ARI,SEA,"Mike LaFleur","Mike Macdonald",48,16.36,1,36,11.1,4,70.9,12,START
11566,"Jayden Daniels",QB,WAS,DAL,"David Blough","Christian Parker",50,,0,50,,0,70.5,13,SIT
3163,"Jared Goff",QB,DET,BUF,"Drew Petzing","Jim Leonhard",50,,0,50,,0,69.8,14,SIT
6770,"Joe Burrow",QB,CIN,HOU,"Zac Taylor","Matt Burke",50,,0,50,,0,69.2,15,SIT
12545,"Tyler Shough",QB,NO,BAL,"Kellen Moore","Jesse Minter",50,,0,50,,0,68.9,16,SIT
9758,"C.J. Stroud",QB,HOU,CIN,"Nick Caley","Al Golden",50,,0,50,,0,68.2,17,SIT
5849,"Kyler Murray",QB,MIN,CHI,"Kevin O'Connell","Dennis Allen",44,15.71,3,55,17.45,3,67.9,18,SIT
6904,"Jalen Hurts",QB,PHI,TEN,"Sean Mannion","Robert Saleh",50,,0,50,,0,67.6,19,SIT
9228,"Bryce Young",QB,CAR,ATL,"Brad Idzik","Jeff Ulbrich",50,,0,60,20.73,2,67.3,20,SIT
4892,"Baker Mayfield",QB,TB,CLE,"Zac Robinson","Mike Rutenberg",50,,0,50,,0,67.1,21,SIT
6804,"Jordan Love",QB,GB,NYJ,"Matt LaFleur","Aaron Glenn",49,17.93,4,58,17.93,4,66.3,22,SIT
5870,"Daniel Jones",QB,IND,KC,"Shane Steichen","Steve Spagnuolo",48,16.84,1,52,16.84,1,64.1,23,SIT
12508,"Jaxson Dart",QB,NYG,LA,"Matt Nagy","Chris Shula",50,,0,50,,0,64,24,SIT
96,"Aaron Rodgers",QB,PIT,NE,"Mike McCarthy","Zak Kuhr",50,,0,50,,0,62.7,25,SIT
12522,"Cam Ward",QB,TEN,PHI,"Brian Daboll","Vic Fangio",34,8.66,2,50,,0,61.6,26,SIT
7585,"Davis Mills",QB,HOU,CIN,"Nick Caley","Al Golden",50,,0,50,,0,61.2,27,SIT
1373,"Geno Smith",QB,NYJ,GB,"Frank Reich","Jonathan Gannon",40,8.62,1,50,,0,61.1,28,SIT
7591,"Justin Fields",QB,KC,IND,"Andy Reid","Lou Anarumo",47,16.96,4,60,23.58,1,60.1,29,SIT
4881,"Lamar Jackson",QB,BAL,NO,"Declan Doyle","Brandon Staley",50,,0,50,,0,59.9,30,SIT
12524,"Shedeur Sanders",QB,CLE,TB,"Todd Monken","Todd Bowles",70,36.44,1,50,,0,58.2,31,SIT
11565,"J.J. McCarthy",QB,MIN,CHI,"Kevin O'Connell","Dennis Allen",44,15.71,3,51,16.11,2,57.7,32,SIT
2307,"Marcus Mariota",QB,WAS,DAL,"David Blough","Christian Parker",50,,0,50,,0,56.9,33,SIT
1166,"Kirk Cousins",QB,LV,LAC,"Klint Kubiak","Chris O'Leary",50,,0,24,7.33,4,56.2,34,SIT
11562,"Spencer Rattler",QB,NO,BAL,"Kellen Moore","Jesse Minter",50,,0,38,6.24,1,55.9,35,SIT
4943,"Sam Darnold",QB,SEA,ARI,"Brian Fleury","Nick Rallis",50,,0,38,11.8,4,55.7,36,SIT
12538,"Brady Cook",QB,MIA,SF,"Bobby Slowik","Raheem Morris",50,,0,50,,0,54.2,37,SIT
2306,"Jameis Winston",QB,NYG,LA,"Matt Nagy","Chris Shula",50,,0,50,,0,54.1,38,SIT
6768,"Tua Tagovailoa",QB,ATL,CAR,"Tommy Rees","Ejiro Evero",50,,0,50,,0,52,39,SIT
827,"Tyrod Taylor",QB,GB,NYJ,"Matt LaFleur","Aaron Glenn",49,17.93,4,43,9.88,1,51.8,40,SIT
7527,"Mac Jones",QB,SF,MIA,"Kyle Shanahan","Jeff Hafley",44,12.46,1,50,,0,51.7,41,SIT
19,"Joe Flacco",QB,CIN,HOU,"Zac Taylor","Matt Burke",50,,0,50,,0,51,42,SIT
260,"Josh Johnson",QB,CIN,HOU,"Zac Taylor","Matt Burke",50,,0,50,,0,46.3,43,SIT
11559,"Michael Penix",QB,ATL,CAR,"Tommy Rees","Ejiro Evero",50,,0,50,,0,46.2,44,SIT
11557,"Joe Milton",QB,DAL,WAS,"Brian Schottenheimer","Daronte Jones",50,,0,50,,0,44.4,45,SIT
7083,"Tyler Huntley",QB,BAL,NO,"Declan Doyle","Brandon Staley",50,,0,50,,0,43.8,46,SIT
8161,"Malik Willis",QB,MIA,SF,"Bobby Slowik","Raheem Morris",50,,0,50,,0,43.7,47,SIT
12486,"Dillon Gabriel",QB,CLE,TB,"Todd Monken","Todd Bowles",70,36.44,1,50,,0,42.7,48,SIT
12500,"Quinn Ewers",QB,JAX,DEN,"Liam Coen","Vance Joseph",54,20.84,2,50,,0,42.7,49,SIT
8002,"Shane Buechele",QB,BUF,DET,"Joe Brady","Kelvin Sheppard",50,,0,50,,0,39.2,50,SIT
4017,"Deshaun Watson",QB,CLE,TB,"Todd Monken","Todd Bowles",70,36.44,1,50,,0,38.7,51,SIT
10866,"Aidan O'Connell",QB,LV,LAC,"Klint Kubiak","Chris O'Leary",50,,0,50,,0,37.6,52,SIT
7610,"Trey Lance",QB,LAC,LV,"Mike McDaniel","Rob Leonard",50,,0,50,,0,37.1,53,SIT
12470,"Riley Leonard",QB,IND,KC,"Shane Steichen","Steve Spagnuolo",48,16.84,1,50,,0,35.5,54,SIT
12775,"Max Brosmer",QB,MIN,CHI,"Kevin O'Connell","Dennis Allen",44,15.71,3,50,,0,33.9,55,SIT
13269,"Fernando Mendoza",QB,LV,LAC,"Klint Kubiak","Chris O'Leary",50,,0,50,,0,33.7,56,SIT
3976,"Mitchell Trubisky",QB,TEN,PHI,"Brian Daboll","Vic Fangio",34,8.66,2,50,,0,33.4,57,SIT
4972,"Mason Rudolph",QB,PIT,NE,"Mike McCarthy","Zak Kuhr",50,,0,50,,0,31.6,58,SIT
829,"Andy Dalton",QB,PHI,TEN,"Sean Mannion","Robert Saleh",50,,0,30,-0.1,1,30.8,59,SIT
4574,"Cooper Rush",QB,ATL,CAR,"Tommy Rees","Ejiro Evero",50,,0,50,,0,30.5,60,SIT
9230,"Tanner McKee",QB,PHI,TEN,"Sean Mannion","Robert Saleh",50,,0,50,,0,29.6,61,SIT
8160,"Kenny Pickett",QB,CAR,ATL,"Brad Idzik","Jeff Ulbrich",50,,0,50,,0,27.6,62,SIT
5127,"Kyle Allen",QB,BUF,DET,"Joe Brady","Kelvin Sheppard",50,,0,50,,0,22.6,63,SIT
4464,"Nick Mullens",QB,JAX,DEN,"Liam Coen","Vance Joseph",54,20.84,2,50,,0,22.4,64,SIT
11648,"Kedon Slovis",QB,GB,NYJ,"Matt LaFleur","Aaron Glenn",49,17.93,4,30,0,1,21.7,65,SIT
9229,"Anthony Richardson",QB,IND,KC,"Shane Steichen","Steve Spagnuolo",48,16.84,1,50,,0,21.5,66,SIT
4179,"Joshua Dobbs",QB,DET,BUF,"Drew Petzing","Jim Leonhard",50,,0,36,4.62,1,21,67,SIT
5854,"Drew Lock",QB,SEA,ARI,"Brian Fleury","Nick Rallis",50,,0,30,-0.4,1,20.3,68,SIT
6011,"Gardner Minshew",QB,ARI,SEA,"Mike LaFleur","Mike Macdonald",48,16.36,1,39,9.53,2,20.2,69,SIT
6136,"Jarrett Stidham",QB,DEN,JAX,"Davis Webb","Anthony Campanile",50,,0,50,,0,19.9,70,SIT
7538,"Zach Wilson",QB,NO,BAL,"Kellen Moore","Jesse Minter",50,,0,50,,0,17.2,71,SIT
12510,"Jalen Milroe",QB,SEA,ARI,"Brian Fleury","Nick Rallis",50,,0,50,,0,16.3,72,SIT
11256,"Tyson Bagent",QB,CHI,MIN,"Ben Johnson","Brian Flores",46,16.64,4,30,4.96,2,13.5,73,SIT
9509,"Bijan Robinson",RB,ATL,CAR,"Tommy Rees","Ejiro Evero",50,,0,100,25.8,4,76.3,1,START
4034,"Christian McCaffrey",RB,SF,MIA,"Kyle Shanahan","Jeff Hafley",42,12.1,1,45,9.8,1,72.6,2,START
9224,"Chase Brown",RB,CIN,HOU,"Zac Taylor","Matt Burke",50,,0,50,,0,65.6,3,START
3198,"Derrick Henry",RB,BAL,NO,"Declan Doyle","Brandon Staley",50,,0,50,,0,64.8,4,START
9226,"De'Von Achane",RB,MIA,SF,"Bobby Slowik","Raheem Morris",50,,0,50,,0,62.8,5,START
4866,"Saquon Barkley",RB,PHI,TEN,"Sean Mannion","Robert Saleh",50,,0,50,,0,61.4,6,START
9221,"Jahmyr Gibbs",RB,DET,BUF,"Drew Petzing","Jim Leonhard",50,,0,50,,0,60.8,7,START
6813,"Jonathan Taylor",RB,IND,KC,"Shane Steichen","Steve Spagnuolo",39,8.6,1,44,10.35,2,60,8,START
12527,"Ashton Jeanty",RB,LV,LAC,"Klint Kubiak","Chris O'Leary",50,,0,50,,0,59.8,9,START
8150,"Kyren Williams",RB,LA,NYG,"Sean McVay","Dennard Wilson",51,20.4,1,46,10,1,59.7,10,START
7543,"Travis Etienne",RB,NO,BAL,"Kellen Moore","Jesse Minter",50,,0,56,16.6,1,59.1,11,START
5850,"Josh Jacobs",RB,GB,NYJ,"Matt LaFleur","Aaron Glenn",46,18.12,4,66,18.07,3,59,12,START
7588,"Javonte Williams",RB,DAL,WAS,"Brian Schottenheimer","Daronte Jones",50,,0,50,,0,58.2,13,START
12507,"Omarion Hampton",RB,LAC,LV,"Mike McDaniel","Rob Leonard",50,,0,50,,0,57.9,14,START
8138,"James Cook",RB,BUF,DET,"Joe Brady","Kelvin Sheppard",50,,0,50,,0,57.6,15,START
12512,"Quinshon Judkins",RB,CLE,TB,"Todd Monken","Todd Bowles",70,39,1,50,,0,56.6,16,START
12481,"Cam Skattebo",RB,NYG,LA,"Matt Nagy","Chris Shula",50,,0,50,,0,55.8,17,START
11584,"Bucky Irving",RB,TB,CLE,"Zac Robinson","Mike Rutenberg",50,,0,50,,0,54.7,18,START
6790,"D'Andre Swift",RB,CHI,MIN,"Ben Johnson","Brian Flores",79,30.75,4,37,9.47,4,54.5,19,START
9753,"Zach Charbonnet",RB,SEA,ARI,"Brian Fleury","Nick Rallis",50,,0,65,16.8,4,54.5,20,START
8228,"Jaylen Warren",RB,PIT,NE,"Mike McCarthy","Zak Kuhr",50,,0,50,,0,54.4,21,START
5967,"Tony Pollard",RB,TEN,PHI,"Brian Daboll","Vic Fangio",39,12.25,2,38,5.3,1,53.9,22,START
7611,"Rhamondre Stevenson",RB,NE,PIT,"Josh McDaniels","Patrick Graham",46,16.1,1,59,15.83,3,53.2,23,START
8155,"Breece Hall",RB,NYJ,GB,"Frank Reich","Jonathan Gannon",55,24.1,1,50,,0,52.4,24,START
6806,"J.K. Dobbins",RB,DEN,JAX,"Davis Webb","Anthony Campanile",50,,0,50,,0,50.7,25,FLEX
11655,"Tyrone Tracy",RB,NYG,LA,"Matt Nagy","Chris Shula",50,,0,50,,0,50.6,26,FLEX
8151,"Kenneth Walker",RB,KC,IND,"Andy Reid","Lou Anarumo",72,27.95,4,50,,0,49.9,27,FLEX
7567,"Kenny Gainwell",RB,TB,CLE,"Zac Robinson","Mike Rutenberg",50,,0,50,,0,49.9,28,FLEX
12474,"Woody Marks",RB,HOU,CIN,"Nick Caley","Al Golden",50,,0,50,,0,49.3,29,FLEX
4199,"Aaron Jones",RB,MIN,CHI,"Kevin O'Connell","Dennis Allen",55,21.73,3,51,13.4,2,49,30,FLEX
7021,"Rico Dowdle",RB,PIT,NE,"Mike McCarthy","Zak Kuhr",50,,0,42,10.37,3,47.6,31,FLEX
12533,"Jacory Croskey-Merritt",RB,WAS,DAL,"David Blough","Christian Parker",50,,0,50,,0,47.5,32,FLEX
12489,"RJ Harvey",RB,DEN,JAX,"Davis Webb","Anthony Campanile",50,,0,64,22.1,1,46.5,33,FLEX
4137,"James Conner",RB,ARI,SEA,"Mike LaFleur","Mike Macdonald",60,29.1,1,57,16.05,2,45,34,FLEX
11588,"Jawhar Jordan",RB,HOU,CIN,"Nick Caley","Al Golden",50,,0,50,,0,44.3,35,FLEX
5892,"David Montgomery",RB,HOU,CIN,"Nick Caley","Al Golden",50,,0,50,,0,43.8,36,FLEX
10219,"Chris Rodriguez",RB,JAX,DEN,"Liam Coen","Vance Joseph",49,18.95,2,50,,0,43.3,37,SIT
12529,"TreVeyon Henderson",RB,NE,PIT,"Josh McDaniels","Patrick Graham",46,16.1,1,47,11.1,1,42.1,38,SIT
11586,"Blake Corum",RB,LA,NYG,"Sean McVay","Dennard Wilson",51,20.4,1,46,10.4,1,41.6,39,SIT
11647,"Kimani Vidal",RB,LAC,LV,"Mike McDaniel","Rob Leonard",50,,0,50,,0,41.3,40,SIT
4035,"Alvin Kamara",RB,NO,BAL,"Kellen Moore","Jesse Minter",50,,0,58,18.2,1,41,41,SIT
12534,"Kyle Monangai",RB,CHI,MIN,"Ben Johnson","Brian Flores",79,30.75,4,35,6.4,2,40.8,42,SIT
8205,"Isiah Pacheco",RB,DET,BUF,"Drew Petzing","Jim Leonhard",50,,0,74,20.6,3,39.7,43,SIT
7607,"Michael Carter",RB,TEN,PHI,"Brian Daboll","Vic Fangio",39,12.25,2,28,5.83,3,39.7,44,SIT
8136,"Rachaad White",RB,WAS,DAL,"David Blough","Christian Parker",50,,0,50,,0,39.6,45,SIT
9508,"Tyjae Spears",RB,TEN,PHI,"Brian Daboll","Vic Fangio",39,12.25,2,58,17.8,1,39.5,46,SIT
7594,"Chuba Hubbard",RB,CAR,ATL,"Brad Idzik","Jeff Ulbrich",50,,0,36,6.7,2,39.3,47,SIT
8408,"Jordan Mason",RB,MIN,CHI,"Kevin O'Connell","Dennis Allen",55,21.73,3,32,7.17,3,38.4,48,SIT
11581,"MarShawn Lloyd",RB,GB,NYJ,"Matt LaFleur","Aaron Glenn",46,18.12,4,50,,0,37.9,49,SIT
13286,"Jadarian Price",RB,SEA,ARI,"Brian Fleury","Nick Rallis",50,,0,50,,0,37.5,50,SIT
12472,"Raheim Sanders",RB,CLE,TB,"Todd Monken","Todd Bowles",70,39,1,50,,0,37.1,51,SIT
11589,"Trey Benson",RB,ARI,SEA,"Mike LaFleur","Mike Macdonald",60,29.1,1,25,5.03,3,36.6,52,SIT
11643,"Jaylen Wright",RB,MIA,SF,"Bobby Slowik","Raheem Morris",50,,0,50,,0,36.2,53,SIT
13414,"Kaelon Black",RB,SF,MIA,"Kyle Shanahan","Jeff Hafley",42,12.1,1,50,,0,35.5,54,SIT
12738,"Phil Mafah",RB,NYG,LA,"Matt Nagy","Chris Shula",50,,0,50,,0,35.3,55,SIT
13337,"Emmett Johnson",RB,KC,IND,"Andy Reid","Lou Anarumo",72,27.95,4,50,,0,35.2,56,SIT
6130,"Devin Singletary",RB,NYG,LA,"Matt Nagy","Chris Shula",50,,0,50,,0,35,57,SIT
4147,"Samaje Perine",RB,CIN,HOU,"Zac Taylor","Matt Burke",50,,0,50,,0,35,58,SIT
11583,"Jonathon Brooks",RB,CAR,ATL,"Brad Idzik","Jeff Ulbrich",50,,0,50,,0,34.8,59,SIT
13287,"Jeremiyah Love",RB,ARI,SEA,"Mike LaFleur","Mike Macdonald",60,29.1,1,50,,0,34.2,60,SIT
11435,"Emanuel Wilson",RB,SEA,ARI,"Brian Fleury","Nick Rallis",50,,0,33,5.3,2,33.8,61,SIT
12457,"Jaydon Blue",RB,PHI,TEN,"Sean Mannion","Robert Saleh",50,,0,50,,0,33.3,62,SIT
8132,"Tyler Allgeier",RB,ARI,SEA,"Mike LaFleur","Mike Macdonald",60,29.1,1,37,9.43,4,33.2,63,SIT
8181,"Connor Heyward",RB,LV,LAC,"Klint Kubiak","Chris O'Leary",50,,0,50,,0,32.8,64,SIT
13305,"Mike Washington",RB,LV,LAC,"Klint Kubiak","Chris O'Leary",50,,0,50,,0,32.8,65,SIT
13345,"Jonah Coleman",RB,DEN,JAX,"Davis Webb","Anthony Campanile",50,,0,50,,0,32.4,66,SIT
11576,"Braelon Allen",RB,NYJ,GB,"Frank Reich","Jonathan Gannon",55,24.1,1,50,,0,32.3,67,SIT
9757,"Kendre Miller",RB,NO,BAL,"Kellen Moore","Jesse Minter",50,,0,32,1.6,1,32.2,68,SIT
13424,"Seth McGowan",RB,IND,KC,"Shane Steichen","Steve Spagnuolo",39,8.6,1,50,,0,31.9,69,SIT
13302,"Adam Randall",RB,BAL,NO,"Declan Doyle","Brandon Staley",50,,0,50,,0,31.8,70,SIT
9225,"Tank Bigsby",RB,PHI,TEN,"Sean Mannion","Robert Saleh",50,,0,50,,0,31.7,71,SIT
12467,"Jordan James",RB,SF,MIA,"Kyle Shanahan","Jeff Hafley",42,12.1,1,50,,0,31.5,72,SIT
12495,"Ollie Gordon",RB,MIA,SF,"Bobby Slowik","Raheem Morris",50,,0,50,,0,31.3,73,SIT
12490,"Bhayshul Tuten",RB,JAX,DEN,"Liam Coen","Vance Joseph",49,18.95,2,50,,0,30.9,74,SIT
13347,"Demond Claiborne",RB,MIN,CHI,"Kevin O'Connell","Dennis Allen",55,21.73,3,50,,0,30.8,75,SIT
11439,"Jaleel McLaughlin",RB,CLE,TB,"Todd Monken","Todd Bowles",70,39,1,36,3.7,1,30.8,76,SIT
8154,"Brian Robinson",RB,ATL,CAR,"Tommy Rees","Ejiro Evero",50,,0,50,,0,30.6,77,SIT
8800,"Malik Davis",RB,DAL,WAS,"Brian Schottenheimer","Daronte Jones",50,,0,50,,0,30.6,78,SIT
12469,"Dylan Sampson",RB,CLE,TB,"Todd Monken","Todd Bowles",70,39,1,50,,0,30.5,79,SIT
13288,"Nicholas Singleton",RB,TEN,PHI,"Brian Daboll","Vic Fangio",39,12.25,2,50,,0,30.4,80,SIT
11571,"Isaiah Davis",RB,NYJ,GB,"Frank Reich","Jonathan Gannon",55,24.1,1,50,,0,29.7,81,SIT
11199,"Emari Demercado",RB,DAL,WAS,"Brian Schottenheimer","Daronte Jones",50,,0,29,7.6,4,29.4,82,SIT
9511,"Keaton Mitchell",RB,LAC,LV,"Mike McDaniel","Rob Leonard",50,,0,50,,0,29,83,SIT
13047,"Jacardia Wright",RB,SEA,ARI,"Brian Fleury","Nick Rallis",50,,0,50,,0,28.8,84,SIT
11575,"Ray Davis",RB,BUF,DET,"Joe Brady","Kelvin Sheppard",50,,0,50,,0,28.1,85,SIT
12897,"Nate Carter",RB,KC,IND,"Andy Reid","Lou Anarumo",72,27.95,4,37,4.6,1,27.8,86,SIT
6039,"Ty Johnson",RB,BUF,DET,"Joe Brady","Kelvin Sheppard",50,,0,50,,0,27.8,87,SIT
11299,"Zavier Scott",RB,CHI,MIN,"Ben Johnson","Brian Flores",79,30.75,4,50,,0,27.2,88,SIT
9510,"Lew Nichols",RB,PIT,NE,"Mike McCarthy","Zak Kuhr",50,,0,50,,0,26.8,89,SIT
12544,"LeQuint Allen",RB,JAX,DEN,"Liam Coen","Vance Joseph",49,18.95,2,50,,0,26.4,90,SIT
12455,"Brashard Smith",RB,KC,IND,"Andy Reid","Lou Anarumo",72,27.95,4,40,6.6,1,26.3,91,SIT
4219,"Jeremy McNichols",RB,WAS,DAL,"David Blough","Christian Parker",50,,0,50,,0,26.1,92,SIT
8139,"Zamir White",RB,NO,BAL,"Kellen Moore","Jesse Minter",50,,0,50,,0,25.7,93,SIT
9506,"Sean Tucker",RB,TB,CLE,"Zac Robinson","Mike Rutenberg",50,,0,50,,0,25.6,94,SIT
8230,"Ty Chandler",RB,NO,BAL,"Kellen Moore","Jesse Minter",50,,0,30,0,1,25.5,95,SIT
12504,"Kaleb Johnson",RB,GB,NYJ,"Matt LaFleur","Aaron Glenn",46,18.12,4,50,,0,25.4,96,SIT
9220,"Evan Hull",RB,ARI,SEA,"Mike LaFleur","Mike Macdonald",60,29.1,1,50,,0,24.7,97,SIT
12928,"Amar Johnson",RB,LAC,LV,"Mike McDaniel","Rob Leonard",50,,0,50,,0,24.4,98,SIT
5995,"Justice Hill",RB,BAL,NO,"Declan Doyle","Brandon Staley",50,,0,50,,0,24.4,99,SIT
12171,"British Brooks",RB,HOU,CIN,"Nick Caley","Al Golden",50,,0,50,,0,24.2,100,SIT
12491,"Corey Kiner",RB,NE,PIT,"Josh McDaniels","Patrick Graham",46,16.1,1,50,,0,24.1,101,SIT
11370,"Chris Brooks",RB,GB,NYJ,"Matt LaFleur","Aaron Glenn",46,18.12,4,28,3.7,2,23.9,102,SIT
6828,"AJ Dillon",RB,CAR,ATL,"Brad Idzik","Jeff Ulbrich",50,,0,50,,0,23.7,103,SIT
7528,"Najee Harris",RB,NYG,LA,"Matt Nagy","Chris Shula",50,,0,50,,0,23.7,104,SIT
8423,"Brittain Brown",RB,CHI,MIN,"Ben Johnson","Brian Flores",79,30.75,4,50,,0,23.3,105,SIT
8129,"Dameon Pierce",RB,PHI,TEN,"Sean Mannion","Robert Saleh",50,,0,50,,0,22.6,106,SIT
12048,"George Holani",RB,SEA,ARI,"Brian Fleury","Nick Rallis",50,,0,20,3.33,3,22.4,107,SIT
4718,"Dare Ogunbowale",RB,LV,LAC,"Klint Kubiak","Chris O'Leary",50,,0,50,,0,22,108,SIT
11570,"Rasheen Ali",RB,BAL,NO,"Declan Doyle","Brandon Staley",50,,0,50,,0,21.7,109,SIT
11649,"Kendall Milton",RB,CIN,HOU,"Zac Taylor","Matt Burke",50,,0,50,,0,21.2,110,SIT
8195,"Ronnie Rivers",RB,LA,NYG,"Sean McVay","Dennard Wilson",51,20.4,1,50,,0,20.8,111,SIT
6659,"Craig Reynolds",RB,WAS,DAL,"David Blough","Christian Parker",50,,0,50,,0,20.4,112,SIT
11237,"Jacob Saylors",RB,DET,BUF,"Drew Petzing","Jim Leonhard",50,,0,50,,0,20.3,113,SIT
11577,"Will Shipley",RB,PHI,TEN,"Sean Mannion","Robert Saleh",50,,0,50,,0,20,114,SIT
8207,"Tyler Goodson",RB,ATL,CAR,"Tommy Rees","Ejiro Evero",50,,0,30,0,1,19.8,115,SIT
12516,"Kalel Mullings",RB,TEN,PHI,"Brian Daboll","Vic Fangio",39,12.25,2,50,,0,19.6,116,SIT
8123,"Hassan Haskins",RB,NE,PIT,"Josh McDaniels","Patrick Graham",46,16.1,1,50,,0,19.5,117,SIT
12787,"Josh Williams",RB,TB,CLE,"Zac Robinson","Mike Rutenberg",50,,0,50,,0,19.5,118,SIT
11729,"Sione Vaki",RB,DET,BUF,"Drew Petzing","Jim Leonhard",50,,0,50,,0,19.5,119,SIT
12471,"DJ Giddens",RB,IND,KC,"Shane Steichen","Steve Spagnuolo",39,8.6,1,50,,0,19.2,120,SIT
12543,"Tahj Brooks",RB,CIN,HOU,"Zac Taylor","Matt Burke",50,,0,50,,0,19.2,121,SIT
11280,"Brady Russell",RB,SEA,ARI,"Brian Fleury","Nick Rallis",50,,0,30,0,1,18.7,122,SIT
8254,"Julius Chestnut",RB,TEN,PHI,"Brian Daboll","Vic Fangio",39,12.25,2,50,,0,18,123,SIT
7593,"Trey Sermon",RB,ATL,CAR,"Tommy Rees","Ejiro Evero",50,,0,50,,0,17.9,124,SIT
11651,"Isaac Guerendo",RB,SF,MIA,"Kyle Shanahan","Jeff Hafley",42,12.1,1,30,0,1,17.8,125,SIT
10235,"Roschon Johnson",RB,CHI,MIN,"Ben Johnson","Brian Flores",79,30.75,4,32,6.9,3,17.2,126,SIT
12656,"Robbie Ouzts",RB,SEA,ARI,"Brian Fleury","Nick Rallis",50,,0,30,0,1,17,127,SIT
2359,"Ameer Abdullah",RB,JAX,DEN,"Liam Coen","Vance Joseph",49,18.95,2,11,2.9,4,16.9,128,SIT
7204,"Reggie Gilliam",RB,NE,PIT,"Josh McDaniels","Patrick Graham",46,16.1,1,50,,0,16.9,129,SIT
11574,"Dylan Laube",RB,LV,LAC,"Klint Kubiak","Chris O'Leary",50,,0,50,,0,16,130,SIT
6931,"DeeJay Dallas",RB,MIN,CHI,"Kevin O'Connell","Dennis Allen",55,21.73,3,11,0.17,3,15.7,131,SIT
12531,"Trevor Etienne",RB,CAR,ATL,"Brad Idzik","Jeff Ulbrich",50,,0,20,0.1,2,15.5,132,SIT
7720,"Kene Nwangwu",RB,NYJ,GB,"Frank Reich","Jonathan Gannon",55,24.1,1,30,0,1,14.7,133,SIT
6012,"Travis Homer",RB,PIT,NE,"Mike McCarthy","Zak Kuhr",50,,0,0,0.12,4,14.7,134,SIT
8208,"Tyler Badie",RB,DEN,JAX,"Davis Webb","Anthony Campanile",50,,0,32,1.2,1,13.4,135,SIT
9493,"Puka Nacua",WR,LA,NYG,"Sean McVay","Dennard Wilson",70,56.4,1,70,27.6,1,69.6,1,START
7564,"Ja'Marr Chase",WR,CIN,HOU,"Zac Taylor","Matt Burke",50,,0,50,,0,61.4,2,START
8144,"Chris Olave",WR,NO,BAL,"Kellen Moore","Jesse Minter",50,,0,57,18.7,1,61.1,3,START
10229,"Rashee Rice",WR,KC,IND,"Andy Reid","Lou Anarumo",48,26.92,4,66,19.43,3,60.1,4,START
7547,"Amon-Ra St. Brown",WR,DET,BUF,"Drew Petzing","Jim Leonhard",50,,0,50,,0,58.7,5,START
9488,"Jaxon Smith-Njigba",WR,SEA,ARI,"Brian Fleury","Nick Rallis",50,,0,66,18.15,4,58,6,START
2133,"Davante Adams",WR,LA,NYG,"Sean McVay","Dennard Wilson",70,56.4,1,63,22.6,1,53.3,7,START
6794,"Justin Jefferson",WR,MIN,CHI,"Kevin O'Connell","Dennis Allen",54,31.3,3,65,18.97,3,51.5,8,START
5859,"A.J. Brown",WR,NE,PIT,"Josh McDaniels","Patrick Graham",58,39.7,1,50,,0,49.8,9,START
8112,"Drake London",WR,ATL,CAR,"Tommy Rees","Ejiro Evero",50,,0,81,22.38,4,49.3,10,START
11632,"Malik Nabers",WR,NYG,LA,"Matt Nagy","Chris Shula",50,,0,50,,0,49.3,11,START
8146,"Garrett Wilson",WR,NYJ,GB,"Frank Reich","Jonathan Gannon",52,31,1,50,,0,48,12,START
8126,"Wan'Dale Robinson",WR,TEN,PHI,"Brian Daboll","Vic Fangio",47,25.1,2,50,,0,47.9,13,START
9997,"Zay Flowers",WR,BAL,NO,"Declan Doyle","Brandon Staley",50,,0,50,,0,47.9,14,START
6786,"CeeDee Lamb",WR,DAL,WAS,"Brian Schottenheimer","Daronte Jones",50,,0,50,,0,47.8,15,START
9487,"Parker Washington",WR,JAX,DEN,"Liam Coen","Vance Joseph",54,31.8,2,68,26.5,1,47.6,16,START
7569,"Nico Collins",WR,HOU,CIN,"Nick Caley","Al Golden",50,,0,50,,0,47.1,17,START
2449,"Stefon Diggs",WR,WAS,DAL,"David Blough","Christian Parker",50,,0,48,12.65,2,46.8,18,START
8137,"George Pickens",WR,DAL,WAS,"Brian Schottenheimer","Daronte Jones",50,,0,50,,0,46.7,19,START
10232,"Michael Wilson",WR,ARI,SEA,"Mike LaFleur","Mike Macdonald",60,41.5,1,30,8.25,4,46.6,20,START
5927,"Terry McLaurin",WR,WAS,DAL,"David Blough","Christian Parker",50,,0,50,,0,46.6,21,START
7049,"Jauan Jennings",WR,MIN,CHI,"Kevin O'Connell","Dennis Allen",54,31.3,3,43,9,1,46.3,22,START
5045,"Courtland Sutton",WR,DEN,JAX,"Davis Webb","Anthony Campanile",50,,0,60,20.6,1,45.8,23,START
6801,"Tee Higgins",WR,CIN,HOU,"Zac Taylor","Matt Burke",50,,0,50,,0,45.2,24,START
2216,"Mike Evans",WR,SF,MIA,"Kyle Shanahan","Jeff Hafley",38,12.1,1,50,,0,44.9,25,FLEX
12526,"Tetairoa McMillan",WR,CAR,ATL,"Brad Idzik","Jeff Ulbrich",50,,0,64,20.4,2,44.9,26,FLEX
8167,"Christian Watson",WR,GB,NYJ,"Matt LaFleur","Aaron Glenn",66,37.43,4,48,13.25,4,44.6,27,FLEX
9754,"Quentin Johnston",WR,LAC,LV,"Mike McDaniel","Rob Leonard",50,,0,50,,0,44.1,28,FLEX
5846,"DK Metcalf",WR,PIT,NE,"Mike McCarthy","Zak Kuhr",50,,0,50,,0,44,29,FLEX
7525,"DeVonta Smith",WR,PHI,TEN,"Sean Mannion","Robert Saleh",50,,0,50,,0,43.9,30,FLEX
8134,"Khalil Shakir",WR,BUF,DET,"Joe Brady","Kelvin Sheppard",50,,0,50,,0,43.2,31,FLEX
4983,"DJ Moore",WR,BUF,DET,"Joe Brady","Kelvin Sheppard",50,,0,49,13.4,4,43.1,32,FLEX
5947,"Jakobi Meyers",WR,JAX,DEN,"Liam Coen","Vance Joseph",54,31.8,2,59,16.38,4,43.1,33,FLEX
8148,"Jameson Williams",WR,DET,BUF,"Drew Petzing","Jim Leonhard",50,,0,50,,0,42.2,34,FLEX
11834,"Devaughn Vele",WR,NO,BAL,"Kellen Moore","Jesse Minter",50,,0,44,10.95,2,40.7,35,FLEX
7526,"Jaylen Waddle",WR,DEN,JAX,"Davis Webb","Anthony Campanile",50,,0,50,,0,40.7,36,FLEX
12519,"Luther Burden",WR,CHI,MIN,"Ben Johnson","Brian Flores",54,30.5,4,50,,0,40.3,37,SIT
11620,"Rome Odunze",WR,CHI,MIN,"Ben Johnson","Brian Flores",54,30.5,4,33,9.15,4,40.2,38,SIT
9756,"Jordan Addison",WR,MIN,CHI,"Kevin O'Connell","Dennis Allen",54,31.3,3,44,10,1,39.8,39,SIT
6783,"Jerry Jeudy",WR,CLE,TB,"Todd Monken","Todd Bowles",51,29.1,1,50,,0,39.1,40,SIT
11783,"Ryan Flournoy",WR,DAL,WAS,"Brian Schottenheimer","Daronte Jones",50,,0,50,,0,39.1,41,SIT
10222,"Jayden Reed",WR,GB,NYJ,"Matt LaFleur","Aaron Glenn",66,37.43,4,36,9.95,4,38.8,42,SIT
12860,"Theo Wease",WR,LAC,LV,"Mike McDaniel","Rob Leonard",50,,0,50,,0,38.8,43,SIT
12514,"Emeka Egbuka",WR,TB,CLE,"Zac Robinson","Mike Rutenberg",50,,0,50,,0,38.7,44,SIT
8200,"Kevin Austin",WR,NO,BAL,"Kellen Moore","Jesse Minter",50,,0,50,,0,38.7,45,SIT
11627,"Troy Franklin",WR,DEN,JAX,"Davis Webb","Anthony Campanile",50,,0,45,10.6,1,38.7,46,SIT
5872,"Deebo Samuel",WR,SF,MIA,"Kyle Shanahan","Jeff Hafley",38,12.1,1,50,,0,38.5,47,SIT
11637,"Keon Coleman",WR,BUF,DET,"Joe Brady","Kelvin Sheppard",50,,0,50,,0,38.5,48,SIT
1479,"Keenan Allen",WR,IND,KC,"Shane Steichen","Steve Spagnuolo",48,26.1,1,50,,0,38.4,49,SIT
4037,"Chris Godwin",WR,TB,CLE,"Zac Robinson","Mike Rutenberg",50,,0,50,,0,38.3,50,SIT
8121,"Romeo Doubs",WR,NE,PIT,"Josh McDaniels","Patrick Graham",58,39.7,1,29,8,4,38.1,51,SIT
6819,"Michael Pittman",WR,PIT,NE,"Mike McCarthy","Zak Kuhr",50,,0,51,14.45,2,37.9,52,SIT
8142,"Alec Pierce",WR,IND,KC,"Shane Steichen","Steve Spagnuolo",48,26.1,1,34,6.35,2,37.7,53,SIT
11635,"Ladd McConkey",WR,LAC,LV,"Mike McDaniel","Rob Leonard",50,,0,50,,0,37.7,54,SIT
13301,"Antonio Williams",WR,WAS,DAL,"David Blough","Christian Parker",50,,0,50,,0,37.5,55,SIT
11624,"Xavier Worthy",WR,KC,IND,"Andy Reid","Lou Anarumo",48,26.92,4,36,7.05,2,37.3,56,SIT
9500,"Josh Downs",WR,IND,KC,"Shane Steichen","Steve Spagnuolo",48,26.1,1,34,3,1,37,57,SIT
13294,"Makai Lemon",WR,PHI,TEN,"Sean Mannion","Robert Saleh",50,,0,50,,0,36.7,58,SIT
10213,"Tre Tucker",WR,LV,LAC,"Klint Kubiak","Chris O'Leary",50,,0,50,,0,36.7,59,SIT
11631,"Brian Thomas",WR,JAX,DEN,"Liam Coen","Vance Joseph",54,31.8,2,50,,0,36.3,60,SIT
4177,"Mack Hollins",WR,NE,PIT,"Josh McDaniels","Patrick Graham",58,39.7,1,32,1.3,1,35.9,61,SIT
12540,"Chimere Dike",WR,TEN,PHI,"Brian Daboll","Vic Fangio",47,25.1,2,50,,0,35.6,62,SIT
11646,"Jalen Coker",WR,CAR,ATL,"Brad Idzik","Jeff Ulbrich",50,,0,43,9.2,1,35.6,63,SIT
11628,"Marvin Harrison",WR,ARI,SEA,"Mike LaFleur","Mike Macdonald",60,41.5,1,50,,0,35.6,64,SIT
11625,"Adonai Mitchell",WR,NYJ,GB,"Frank Reich","Jonathan Gannon",52,31,1,50,,0,35.4,65,SIT
11610,"Malik Washington",WR,MIA,SF,"Bobby Slowik","Raheem Morris",50,,0,50,,0,35.2,66,SIT
13296,"Caleb Douglas",WR,MIA,SF,"Bobby Slowik","Raheem Morris",50,,0,50,,0,35.1,67,SIT
13285,"Malachi Fields",WR,NYG,LA,"Matt Nagy","Chris Shula",50,,0,50,,0,35.1,68,SIT
13298,"KC Concepcion",WR,CLE,TB,"Todd Monken","Todd Bowles",51,29.1,1,50,,0,35,69,SIT
12499,"Elic Ayomanor",WR,TEN,PHI,"Brian Daboll","Vic Fangio",47,25.1,2,50,,0,34.7,70,SIT
13281,"Jordyn Tyson",WR,NO,BAL,"Kellen Moore","Jesse Minter",50,,0,50,,0,34.7,71,SIT
13346,"Denzel Boston",WR,CLE,TB,"Todd Monken","Todd Bowles",51,29.1,1,50,,0,34.6,72,SIT
6853,"Van Jefferson",WR,WAS,DAL,"David Blough","Christian Parker",50,,0,32,1,1,34.5,73,SIT
9494,"Marvin Mims",WR,DEN,JAX,"Davis Webb","Anthony Campanile",50,,0,50,,0,34.1,74,SIT
12492,"Pat Bryant",WR,DEN,JAX,"Davis Webb","Anthony Campanile",50,,0,43,9.2,1,33.7,75,SIT
5848,"Marquise Brown",WR,PHI,TEN,"Sean Mannion","Robert Saleh",50,,0,40,9.05,2,33.6,76,SIT
13279,"Carnell Tate",WR,TEN,PHI,"Brian Daboll","Vic Fangio",47,25.1,2,50,,0,33.5,77,SIT
13274,"Germie Bernard",WR,PIT,NE,"Mike McCarthy","Zak Kuhr",50,,0,50,,0,33.5,78,SIT
11626,"Xavier Legette",WR,CAR,ATL,"Brad Idzik","Jeff Ulbrich",50,,0,56,18.3,1,33.1,79,SIT
11638,"Ricky Pearsall",WR,SF,MIA,"Kyle Shanahan","Jeff Hafley",38,12.1,1,30,0,1,33,80,SIT
7090,"Darnell Mooney",WR,NYG,LA,"Matt Nagy","Chris Shula",50,,0,23,6.25,4,32.8,81,SIT
13329,"Malik Benson",WR,LV,LAC,"Klint Kubiak","Chris O'Leary",50,,0,50,,0,32.8,82,SIT
5970,"Greg Dortch",WR,BUF,DET,"Joe Brady","Kelvin Sheppard",50,,0,16,4.28,4,32.6,83,SIT
13320,"Zachariah Branch",WR,ATL,CAR,"Tommy Rees","Ejiro Evero",50,,0,50,,0,32.6,84,SIT
10444,"Cedric Tillman",WR,NO,BAL,"Kellen Moore","Jesse Minter",50,,0,50,,0,32.5,85,SIT
4981,"Calvin Ridley",WR,TEN,PHI,"Brian Daboll","Vic Fangio",47,25.1,2,50,,0,31.8,86,SIT
13411,"Zavion Thomas",WR,CHI,MIN,"Ben Johnson","Brian Flores",54,30.5,4,50,,0,31.8,87,SIT
9486,"Dontayvion Wicks",WR,PHI,TEN,"Sean Mannion","Robert Saleh",50,,0,19,2.97,3,31.7,88,SIT
12523,"Jimmy Horn",WR,CAR,ATL,"Brad Idzik","Jeff Ulbrich",50,,0,50,,0,31.7,89,SIT
8676,"Rashid Shaheed",WR,SEA,ARI,"Brian Fleury","Nick Rallis",50,,0,34,6.3,2,31.7,90,SIT
8147,"John Metchie",WR,CAR,ATL,"Brad Idzik","Jeff Ulbrich",50,,0,50,,0,31.6,91,SIT
11608,"Isaiah Williams",WR,NYJ,GB,"Frank Reich","Jonathan Gannon",52,31,1,50,,0,31.5,92,SIT
4039,"Cooper Kupp",WR,SEA,ARI,"Brian Fleury","Nick Rallis",50,,0,25,6.9,4,31.2,93,SIT
13276,"Omar Cooper",WR,NYJ,GB,"Frank Reich","Jonathan Gannon",52,31,1,50,,0,31,94,SIT
12509,"Tre' Harris",WR,LAC,LV,"Mike McDaniel","Rob Leonard",50,,0,50,,0,30.8,95,SIT
6271,"Olamide Zaccheaus",WR,ATL,CAR,"Tommy Rees","Ejiro Evero",50,,0,42,8.2,1,30.6,96,SIT
8917,"KaVontae Turpin",WR,DAL,WAS,"Brian Schottenheimer","Daronte Jones",50,,0,50,,0,30.5,97,SIT
8125,"Calvin Austin",WR,NYG,LA,"Matt Nagy","Chris Shula",50,,0,50,,0,30.4,98,SIT
12501,"Matthew Golden",WR,GB,NYJ,"Matt LaFleur","Aaron Glenn",66,37.43,4,50,,0,30,99,SIT
5938,"Lil'Jordan Humphrey",WR,DEN,JAX,"Davis Webb","Anthony Campanile",50,,0,33,1.9,1,29.9,100,SIT
11377,"Tyrell Shavers",WR,BUF,DET,"Joe Brady","Kelvin Sheppard",50,,0,50,,0,29.9,101,SIT
7587,"Dyami Brown",WR,WAS,DAL,"David Blough","Christian Parker",50,,0,38,5.5,1,29.8,102,SIT
13293,"Ja'Kobi Lane",WR,BAL,NO,"Declan Doyle","Brandon Staley",50,,0,50,,0,29.5,103,SIT
13417,"De'Zhaun Stribling",WR,SF,MIA,"Kyle Shanahan","Jeff Hafley",38,12.1,1,50,,0,29.4,104,SIT
9501,"DeMario Douglas",WR,NE,PIT,"Josh McDaniels","Patrick Graham",58,39.7,1,42,8.2,1,28.9,105,SIT
9504,"Kayshon Boutte",WR,HOU,CIN,"Nick Caley","Al Golden",50,,0,54,16.3,1,28.9,106,SIT
11806,"Casey Washington",WR,CAR,ATL,"Brad Idzik","Jeff Ulbrich",50,,0,50,,0,28.2,107,SIT
8223,"Velus Jones",WR,SEA,ARI,"Brian Fleury","Nick Rallis",50,,0,50,,0,28.1,108,SIT
8180,"Jalen Nailor",WR,LV,LAC,"Klint Kubiak","Chris O'Leary",50,,0,19,2.9,3,28,109,SIT
12520,"Xavier Restrepo",WR,TEN,PHI,"Brian Daboll","Vic Fangio",47,25.1,2,50,,0,28,110,SIT
12484,"Jayden Higgins",WR,HOU,CIN,"Nick Caley","Al Golden",50,,0,50,,0,27.9,111,SIT
3286,"Demarcus Robinson",WR,SF,MIA,"Kyle Shanahan","Jeff Hafley",38,12.1,1,47,11.8,1,27.8,112,SIT
12503,"Isaiah Bond",WR,CLE,TB,"Todd Monken","Todd Bowles",51,29.1,1,50,,0,27.8,113,SIT
12542,"Efton Chism",WR,NE,PIT,"Josh McDaniels","Patrick Graham",58,39.7,1,50,,0,27.6,114,SIT
4950,"Christian Kirk",WR,SF,MIA,"Kyle Shanahan","Jeff Hafley",38,12.1,1,50,,0,27.3,115,SIT
10218,"Xavier Hutchinson",WR,HOU,CIN,"Nick Caley","Al Golden",50,,0,50,,0,27.3,116,SIT
12541,"Dont'e Thornton",WR,LV,LAC,"Klint Kubiak","Chris O'Leary",50,,0,50,,0,26.7,117,SIT
4454,"Kendrick Bourne",WR,ARI,SEA,"Mike LaFleur","Mike Macdonald",60,41.5,1,50,,0,26.7,118,SIT
11068,"Mitchell Tinsley",WR,HOU,CIN,"Nick Caley","Al Golden",50,,0,50,,0,26.6,119,SIT
10226,"Andrei Iosivas",WR,CIN,HOU,"Zac Taylor","Matt Burke",50,,0,50,,0,26.4,120,SIT
13150,"Darius Cooper",WR,PHI,TEN,"Sean Mannion","Robert Saleh",50,,0,50,,0,26.3,121,SIT
11895,"Mason Tipton",WR,NO,BAL,"Kellen Moore","Jesse Minter",50,,0,35,3.4,1,26.3,122,SIT
12535,"Isaac TeSlaa",WR,DET,BUF,"Drew Petzing","Jim Leonhard",50,,0,50,,0,26.1,123,SIT
10221,"Ronnie Bell",WR,LV,LAC,"Klint Kubiak","Chris O'Leary",50,,0,50,,0,26.1,124,SIT
8135,"Treylon Burks",WR,WAS,DAL,"David Blough","Christian Parker",50,,0,50,,0,26,125,SIT
12718,"Konata Mumpfield",WR,LA,NYG,"Sean McVay","Dennard Wilson",70,56.4,1,50,,0,25.9,126,SIT
7571,"Rashod Bateman",WR,BAL,NO,"Declan Doyle","Brandon Staley",50,,0,50,,0,25.8,127,SIT
11618,"Jalen McMillan",WR,TB,CLE,"Zac Robinson","Mike Rutenberg",50,,0,50,,0,25.5,128,SIT
11617,"Malachi Corley",WR,CLE,TB,"Todd Monken","Todd Bowles",51,29.1,1,50,,0,25.5,129,SIT
8188,"Tyquan Thornton",WR,KC,IND,"Andy Reid","Lou Anarumo",48,26.92,4,16,2.17,3,25.4,130,SIT
12641,"Jaylin Lane",WR,WAS,DAL,"David Blough","Christian Parker",50,,0,50,,0,25.3,131,SIT
12485,"Tez Johnson",WR,TB,CLE,"Zac Robinson","Mike Rutenberg",50,,0,50,,0,25.3,132,SIT
12483,"Jack Bech",WR,LV,LAC,"Klint Kubiak","Chris O'Leary",50,,0,50,,0,25.2,133,SIT
12497,"Tory Horton",WR,SEA,ARI,"Brian Fleury","Nick Rallis",50,,0,33,2,1,25.2,134,SIT
11630,"Roman Wilson",WR,PIT,NE,"Mike McCarthy","Zak Kuhr",50,,0,50,,0,25,135,SIT
3634,"Kalif Raymond",WR,CHI,MIN,"Ben Johnson","Brian Flores",54,30.5,4,50,,0,24.9,136,SIT
11168,"Xavier Smith",WR,LA,NYG,"Sean McVay","Dennard Wilson",70,56.4,1,30,0,1,24.9,137,SIT
12547,"Kyle Williams",WR,NE,PIT,"Josh McDaniels","Patrick Graham",58,39.7,1,33,2.2,1,24.5,138,SIT
9497,"Jalin Hyatt",WR,NYG,LA,"Matt Nagy","Chris Shula",50,,0,50,,0,24.4,139,SIT
8119,"Jahan Dotson",WR,ATL,CAR,"Tommy Rees","Ejiro Evero",50,,0,50,,0,24.3,140,SIT
11056,"Jared Wayne",WR,HOU,CIN,"Nick Caley","Al Golden",50,,0,50,,0,24.2,141,SIT
8076,"Michael Bandy",WR,DEN,JAX,"Davis Webb","Anthony Campanile",50,,0,50,,0,24.1,142,SIT
9489,"Justin Shorter",WR,LV,LAC,"Klint Kubiak","Chris O'Leary",50,,0,50,,0,23.8,143,SIT
13079,"Jahdae Walker",WR,CHI,MIN,"Ben Johnson","Brian Flores",54,30.5,4,50,,0,23.7,144,SIT
5154,"Trent Sherfield",WR,BUF,DET,"Joe Brady","Kelvin Sheppard",50,,0,23,1.45,2,23.7,145,SIT
10225,"Jonathan Mingo",WR,DAL,WAS,"Brian Schottenheimer","Daronte Jones",50,,0,50,,0,23.5,146,SIT
12536,"Jaylin Noel",WR,HOU,CIN,"Nick Caley","Al Golden",50,,0,50,,0,23.4,147,SIT
11650,"Luke McCaffrey",WR,WAS,DAL,"David Blough","Christian Parker",50,,0,50,,0,23.4,148,SIT
7596,"Elijah Moore",WR,PHI,TEN,"Sean Mannion","Robert Saleh",50,,0,50,,0,23.3,149,SIT
5121,"Braxton Berrios",WR,NYG,LA,"Matt Nagy","Chris Shula",50,,0,50,,0,23,150,SIT
11623,"Jordan Whittington",WR,LA,NYG,"Sean McVay","Dennard Wilson",70,56.4,1,39,6.2,1,22.7,151,SIT
8250,"Tay Martin",WR,DET,BUF,"Drew Petzing","Jim Leonhard",50,,0,50,,0,22.7,152,SIT
12505,"Jalen Royals",WR,KC,IND,"Andy Reid","Lou Anarumo",48,26.92,4,50,,0,22.6,153,SIT
4351,"Tim Patrick",WR,NYJ,GB,"Frank Reich","Jonathan Gannon",52,31,1,33,2.1,1,22.4,154,SIT
11474,"Dylan Drummond",WR,ATL,CAR,"Tommy Rees","Ejiro Evero",50,,0,50,,0,22.3,155,SIT
11506,"Jalen Moreno-Cropper",WR,NO,BAL,"Kellen Moore","Jesse Minter",50,,0,50,,0,22.1,156,SIT
6154,"David Sills",WR,TB,CLE,"Zac Robinson","Mike Rutenberg",50,,0,24,2,2,22,157,SIT
3269,"Chris Moore",WR,BAL,NO,"Declan Doyle","Brandon Staley",50,,0,50,,0,21.6,158,SIT
11306,"Xavier Gipson",WR,PHI,TEN,"Sean Mannion","Robert Saleh",50,,0,50,,0,21.6,159,SIT
7562,"Tutu Atwell",WR,LA,NYG,"Sean McVay","Dennard Wilson",70,56.4,1,30,0,1,21.5,160,SIT
12670,"KeAndre Lambert-Smith",WR,LAC,LV,"Mike McDaniel","Rob Leonard",50,,0,50,,0,21.4,161,SIT
7746,"Austin Trammell",WR,JAX,DEN,"Liam Coen","Vance Joseph",54,31.8,2,50,,0,21.3,162,SIT
12482,"Savion Williams",WR,GB,NYJ,"Matt LaFleur","Aaron Glenn",66,37.43,4,50,,0,21.3,163,SIT
6386,"Alex Bachman",WR,LA,NYG,"Sean McVay","Dennard Wilson",70,56.4,1,50,,0,21.2,164,SIT
12539,"Arian Smith",WR,NYJ,GB,"Frank Reich","Jonathan Gannon",52,31,1,50,,0,21.2,165,SIT
8414,"Britain Covey",WR,PHI,TEN,"Sean Mannion","Robert Saleh",50,,0,50,,0,20.9,166,SIT
6699,"Gunner Olszewski",WR,NYG,LA,"Matt Nagy","Chris Shula",50,,0,50,,0,20.9,167,SIT
8117,"Jalen Tolbert",WR,MIA,SF,"Bobby Slowik","Raheem Morris",50,,0,50,,0,20.8,168,SIT
7496,"Nick Westbrook-Ikhine",WR,IND,KC,"Shane Steichen","Steve Spagnuolo",48,26.1,1,50,,0,20.7,169,SIT
11911,"Jeshaun Jones",WR,MIN,CHI,"Kevin O'Connell","Dennis Allen",54,31.3,3,50,,0,20.4,170,SIT
4274,"David Moore",WR,CAR,ATL,"Brad Idzik","Jeff Ulbrich",50,,0,32,1.5,1,19.9,171,SIT
11421,"Ryan Miller",WR,MIA,SF,"Bobby Slowik","Raheem Morris",50,,0,50,,0,19.9,172,SIT
11210,"Malik Heath",WR,ATL,CAR,"Tommy Rees","Ejiro Evero",50,,0,42,8.6,1,19.8,173,SIT
8168,"Skyy Moore",WR,GB,NYJ,"Matt LaFleur","Aaron Glenn",66,37.43,4,50,,0,19.8,174,SIT
11157,"Brycen Tremayne",WR,CAR,ATL,"Brad Idzik","Jeff Ulbrich",50,,0,28,3.6,2,19.6,175,SIT
10228,"Charlie Jones",WR,NYG,LA,"Matt Nagy","Chris Shula",50,,0,50,,0,19.6,176,SIT
7595,"Tylan Wallace",WR,CLE,TB,"Todd Monken","Todd Bowles",51,29.1,1,50,,0,19.6,177,SIT
11034,"Jalen Brooks",WR,ARI,SEA,"Mike LaFleur","Mike Macdonald",60,41.5,1,50,,0,19.5,178,SIT
12634,"Jordan Watkins",WR,SF,MIA,"Kyle Shanahan","Jeff Hafley",38,12.1,1,50,,0,19.1,179,SIT
11320,"Nikko Remigio",WR,KC,IND,"Andy Reid","Lou Anarumo",48,26.92,4,30,0,1,19.1,180,SIT
8013,"Tim Jones",WR,JAX,DEN,"Liam Coen","Vance Joseph",54,31.8,2,50,,0,19.1,181,SIT
8204,"Bo Melton",WR,GB,NYJ,"Matt LaFleur","Aaron Glenn",66,37.43,4,34,2.9,1,18.7,182,SIT
13075,"Myles Price",WR,MIN,CHI,"Kevin O'Connell","Dennis Allen",54,31.3,3,20,0,2,18.2,183,SIT
12732,"Dominic Lovett",WR,DET,BUF,"Drew Petzing","Jim Leonhard",50,,0,50,,0,17.9,184,SIT
12496,"Tai Felton",WR,MIN,CHI,"Kevin O'Connell","Dennis Allen",54,31.3,3,20,0,2,17.9,185,SIT
6588,"Tom Kennedy",WR,DET,BUF,"Drew Petzing","Jim Leonhard",50,,0,50,,0,17.8,186,SIT
6427,"Ashton Dulin",WR,IND,KC,"Shane Steichen","Steve Spagnuolo",48,26.1,1,28,3.75,2,17.7,187,SIT
8253,"Deven Thompkins",WR,LV,LAC,"Klint Kubiak","Chris O'Leary",50,,0,24,1.6,2,17.6,188,SIT
11994,"Kameron Johnson",WR,TB,CLE,"Zac Robinson","Mike Rutenberg",50,,0,50,,0,17.6,189,SIT
5773,"KhaDarel Hodge",WR,SF,MIA,"Kyle Shanahan","Jeff Hafley",38,12.1,1,16,1.8,3,17.6,190,SIT
12889,"Beaux Collins",WR,ATL,CAR,"Tommy Rees","Ejiro Evero",50,,0,50,,0,17.4,191,SIT
7757,"Ben Skowronek",WR,PIT,NE,"Mike McCarthy","Zak Kuhr",50,,0,50,,0,17.4,192,SIT
11629,"Devontez Walker",WR,BAL,NO,"Declan Doyle","Brandon Staley",50,,0,50,,0,17.4,193,SIT
10234,"Derius Davis",WR,LAC,LV,"Mike McDaniel","Rob Leonard",50,,0,50,,0,17.1,194,SIT
12699,"LaJohntay Wester",WR,BAL,NO,"Declan Doyle","Brandon Staley",50,,0,50,,0,16.9,195,SIT
7521,"Chris Blair",WR,ATL,CAR,"Tommy Rees","Ejiro Evero",50,,0,50,,0,16.6,196,SIT
11762,"Anthony Gould",WR,IND,KC,"Shane Steichen","Steve Spagnuolo",48,26.1,1,30,0,1,16.1,197,SIT
8755,"Kaden Davis",WR,CHI,MIN,"Ben Johnson","Brian Flores",54,30.5,4,50,,0,15.8,198,SIT
12971,"Ke'Shawn Williams",WR,CIN,HOU,"Zac Taylor","Matt Burke",50,,0,50,,0,15.8,199,SIT
7039,"Cody White",WR,LV,LAC,"Klint Kubiak","Chris O'Leary",50,,0,20,0,2,15.2,200,SIT
7812,"Simi Fehoko",WR,ARI,SEA,"Mike LaFleur","Mike Macdonald",60,41.5,1,20,0,2,15.1,201,SIT
3155,"Laquon Treadwell",WR,IND,KC,"Shane Steichen","Steve Spagnuolo",48,26.1,1,26,2.8,2,14.9,202,SIT
12888,"Dalen Cambre",WR,NYG,LA,"Matt Nagy","Chris Shula",50,,0,50,,0,14.7,203,SIT
6847,"Devin Duvernay",WR,ARI,SEA,"Mike LaFleur","Mike Macdonald",60,41.5,1,10,0,3,14.3,204,SIT
10867,"Jake Bobo",WR,SEA,ARI,"Brian Fleury","Nick Rallis",50,,0,20,5.62,4,13.5,205,SIT
8527,"Dareke Young",WR,LV,LAC,"Klint Kubiak","Chris O'Leary",50,,0,0,0,4,13.2,206,SIT
8130,"Trey McBride",TE,ARI,SEA,"Mike LaFleur","Mike Macdonald",48,11.6,1,98,19.8,4,70.8,1,START
4217,"George Kittle",TE,SF,MIA,"Kyle Shanahan","Jeff Hafley",61,20.2,1,70,20.2,1,58.1,2,START
7553,"Kyle Pitts",TE,ATL,CAR,"Tommy Rees","Ejiro Evero",50,,0,31,6.2,4,57.2,3,START
12506,"Harold Fannin",TE,CLE,TB,"Todd Monken","Todd Bowles",70,26.2,1,50,,0,54.2,4,START
5001,"Dalton Schultz",TE,HOU,CIN,"Nick Caley","Al Golden",50,,0,50,,0,52.6,5,START
5022,"Dallas Goedert",TE,PHI,TEN,"Sean Mannion","Robert Saleh",50,,0,50,,0,51.7,6,START
9484,"Tucker Kraft",TE,GB,NYJ,"Matt LaFleur","Aaron Glenn",40,10.6,4,40,8.18,4,51.2,7,START
11604,"Brock Bowers",TE,LV,LAC,"Klint Kubiak","Chris O'Leary",50,,0,50,,0,50.7,8,START
12517,"Colston Loveland",TE,CHI,MIN,"Ben Johnson","Brian Flores",40,10.6,4,35,5.1,2,46.8,9,START
9480,"Brenton Strange",TE,JAX,DEN,"Liam Coen","Vance Joseph",54,14.95,2,60,14.9,1,45.9,10,START
7002,"Juwan Johnson",TE,NO,BAL,"Kellen Moore","Jesse Minter",50,,0,46,7.8,1,45.9,11,START
6865,"Colby Parkinson",TE,LA,NYG,"Sean McVay","Dennard Wilson",54,15.5,1,50,,0,45.8,12,START
12518,"Tyler Warren",TE,IND,KC,"Shane Steichen","Steve Spagnuolo",61,20.2,1,49,9.5,1,45.5,13,SIT
10859,"Sam LaPorta",TE,DET,BUF,"Drew Petzing","Jim Leonhard",50,,0,50,,0,45.4,14,SIT
3214,"Hunter Henry",TE,NE,PIT,"Josh McDaniels","Patrick Graham",49,12.6,1,30,5.07,3,45,15,SIT
11603,"AJ Barner",TE,SEA,ARI,"Brian Fleury","Nick Rallis",50,,0,24,4.92,4,41.7,16,SIT
8111,"Cade Otton",TE,TB,CLE,"Zac Robinson","Mike Rutenberg",50,,0,50,,0,41.6,17,SIT
8172,"Greg Dulcich",TE,MIA,SF,"Bobby Slowik","Raheem Morris",50,,0,58,13.9,1,41.6,18,SIT
1466,"Travis Kelce",TE,KC,IND,"Andy Reid","Lou Anarumo",38,10.05,4,30,6.05,4,41.3,19,SIT
8110,"Jake Ferguson",TE,DAL,WAS,"Brian Schottenheimer","Daronte Jones",50,,0,50,,0,41,20,SIT
8210,"Chig Okonkwo",TE,WAS,DAL,"David Blough","Christian Parker",50,,0,49,9.6,1,40.5,21,SIT
7600,"Pat Freiermuth",TE,PIT,NE,"Mike McCarthy","Zak Kuhr",50,,0,50,,0,39.5,22,SIT
11597,"Theo Johnson",TE,NYG,LA,"Matt Nagy","Chris Shula",50,,0,50,,0,38.6,23,SIT
2505,"Darren Waller",TE,CAR,ATL,"Brad Idzik","Jeff Ulbrich",50,,0,50,10.1,1,38.1,24,SIT
4066,"Evan Engram",TE,DEN,JAX,"Davis Webb","Anthony Campanile",50,,0,41,5.6,1,38.1,25,SIT
12498,"Mason Taylor",TE,NYJ,GB,"Frank Reich","Jonathan Gannon",38,5,1,50,,0,38.1,26,SIT
5906,"Dawson Knox",TE,BUF,DET,"Joe Brady","Kelvin Sheppard",50,,0,50,,0,38,27,SIT
5844,"T.J. Hockenson",TE,MIN,CHI,"Kevin O'Connell","Dennis Allen",29,6.3,3,37,5.7,2,37.9,28,SIT
5012,"Mark Andrews",TE,BAL,NO,"Declan Doyle","Brandon Staley",50,,0,50,,0,37.8,29,SIT
10236,"Dalton Kincaid",TE,BUF,DET,"Joe Brady","Kelvin Sheppard",50,,0,50,,0,37.6,30,SIT
8041,"Shane Zylstra",TE,NE,PIT,"Josh McDaniels","Patrick Graham",49,12.6,1,50,,0,37.2,31,SIT
12493,"Oronde Gadsden",TE,LAC,LV,"Mike McDaniel","Rob Leonard",50,,0,50,,0,37,32,SIT
3271,"Tyler Higbee",TE,LA,NYG,"Sean McVay","Dennard Wilson",54,15.5,1,45,7.7,1,37,33,SIT
8698,"Jake Tonges",TE,SF,MIA,"Kyle Shanahan","Jeff Hafley",61,20.2,1,50,,0,36.5,34,SIT
13421,"Eli Raridon",TE,NE,PIT,"Josh McDaniels","Patrick Graham",49,12.6,1,50,,0,35.9,35,SIT
4033,"David Njoku",TE,LAC,LV,"Mike McDaniel","Rob Leonard",50,,0,58,13.9,1,35.6,36,SIT
11599,"Cade Stover",TE,HOU,CIN,"Nick Caley","Al Golden",50,,0,50,,0,35.5,37,SIT
13434,"Will Kacmarek",TE,MIA,SF,"Bobby Slowik","Raheem Morris",50,,0,50,,0,35.3,38,SIT
13299,"Nate Boerkircher",TE,JAX,DEN,"Liam Coen","Vance Joseph",54,14.95,2,50,,0,34.8,39,SIT
11592,"Erick All",TE,CIN,HOU,"Zac Taylor","Matt Burke",50,,0,50,,0,34.5,40,SIT
4993,"Mike Gesicki",TE,CIN,HOU,"Zac Taylor","Matt Burke",50,,0,50,,0,34.4,41,SIT
9482,"Michael Mayer",TE,LV,LAC,"Klint Kubiak","Chris O'Leary",50,,0,50,,0,33.8,42,SIT
13330,"Kenyon Sadiq",TE,NYJ,GB,"Frank Reich","Jonathan Gannon",38,5,1,50,,0,33.6,43,SIT
9479,"Darnell Washington",TE,PIT,NE,"Mike McCarthy","Zak Kuhr",50,,0,50,,0,33.4,44,SIT
13349,"Eli Stowers",TE,PHI,TEN,"Sean Mannion","Robert Saleh",50,,0,50,,0,33.1,45,SIT
4144,"Jonnu Smith",TE,GB,NYJ,"Matt LaFleur","Aaron Glenn",40,10.6,4,50,,0,33,46,SIT
4995,"Ian Thomas",TE,LV,LAC,"Klint Kubiak","Chris O'Leary",50,,0,50,,0,32.9,47,SIT
8131,"Isaiah Likely",TE,NYG,LA,"Matt Nagy","Chris Shula",50,,0,50,,0,32.4,48,SIT
12487,"Terrance Ferguson",TE,LA,NYG,"Sean McVay","Dennard Wilson",54,15.5,1,50,,0,31.5,49,SIT
9481,"Luke Musgrave",TE,GB,NYJ,"Matt LaFleur","Aaron Glenn",40,10.6,4,32,1.1,1,30.4,50,SIT
12502,"Gunnar Helm",TE,TEN,PHI,"Brian Daboll","Vic Fangio",29,3.8,2,50,,0,30.1,51,SIT
8489,"Drew Ogletree",TE,IND,KC,"Shane Steichen","Steve Spagnuolo",61,20.2,1,50,,0,29.8,52,SIT
6826,"Cole Kmet",TE,CHI,MIN,"Ben Johnson","Brian Flores",40,10.6,4,36,7.35,4,29.5,53,SIT
6869,"Adam Trautman",TE,DEN,JAX,"Davis Webb","Anthony Campanile",50,,0,37,3.4,1,29.3,54,SIT
3202,"Austin Hooper",TE,ATL,CAR,"Tommy Rees","Ejiro Evero",50,,0,29,2.95,2,29.3,55,SIT
13210,"Drake Dabney",TE,GB,NYJ,"Matt LaFleur","Aaron Glenn",40,10.6,4,50,,0,29.2,56,SIT
8249,"Lucas Krull",TE,DEN,JAX,"Davis Webb","Anthony Campanile",50,,0,50,,0,29.1,57,SIT
7535,"Hunter Long",TE,ARI,SEA,"Mike LaFleur","Mike Macdonald",48,11.6,1,50,,0,28.3,58,SIT
10871,"Luke Schoonmaker",TE,DAL,WAS,"Brian Schottenheimer","Daronte Jones",50,,0,50,,0,28.1,59,SIT
8799,"Zaire Mitchell-Paden",TE,HOU,CIN,"Nick Caley","Al Golden",50,,0,50,,0,28,60,SIT
8170,"James Mitchell",TE,DAL,WAS,"Brian Schottenheimer","Daronte Jones",50,,0,36,3.2,1,27.3,61,SIT
5857,"Noah Fant",TE,NO,BAL,"Kellen Moore","Jesse Minter",50,,0,50,,0,27.2,62,SIT
7694,"Tommy Tremble",TE,CAR,ATL,"Brad Idzik","Jeff Ulbrich",50,,0,35,5,2,27.2,63,SIT
8145,"Jeremy Ruckert",TE,NYJ,GB,"Frank Reich","Jonathan Gannon",38,5,1,50,,0,27.1,64,SIT
6001,"Drew Sample",TE,CIN,HOU,"Zac Taylor","Matt Burke",50,,0,50,,0,27,65,SIT
10231,"Elijah Higgins",TE,ARI,SEA,"Mike LaFleur","Mike Macdonald",48,11.6,1,7,1.35,4,26.9,66,SIT
4054,"Mo Alie-Cox",TE,IND,KC,"Shane Steichen","Steve Spagnuolo",61,20.2,1,25,1.9,2,26.6,67,SIT
5409,"Tanner Hudson",TE,CIN,HOU,"Zac Taylor","Matt Burke",50,,0,50,,0,26.4,68,SIT
11596,"Ben Sinnott",TE,WAS,DAL,"David Blough","Christian Parker",50,,0,50,,0,26.2,69,SIT
12658,"Jackson Hawes",TE,BUF,DET,"Joe Brady","Kelvin Sheppard",50,,0,50,,0,26.2,70,SIT
8225,"Daniel Bellinger",TE,TEN,PHI,"Brian Daboll","Vic Fangio",29,3.8,2,50,,0,26,71,SIT
11433,"Nate Adkins",TE,DEN,JAX,"Davis Webb","Anthony Campanile",50,,0,30,0,1,25.9,72,SIT
5985,"Foster Moreau",TE,HOU,CIN,"Nick Caley","Al Golden",50,,0,30,0,1,25.7,73,SIT
7828,"Noah Gray",TE,KC,IND,"Andy Reid","Lou Anarumo",38,10.05,4,27,4.23,3,25,74,SIT
12521,"Elijah Arroyo",TE,SEA,ARI,"Brian Fleury","Nick Rallis",50,,0,32,3.95,2,24.9,75,SIT
7716,"John Bates",TE,WAS,DAL,"David Blough","Christian Parker",50,,0,50,,0,24.9,76,SIT
7891,"Brock Wright",TE,DET,BUF,"Drew Petzing","Jim Leonhard",50,,0,50,,0,24.8,77,SIT
11371,"Julian Hill",TE,NE,PIT,"Josh McDaniels","Patrick Graham",49,12.6,1,50,,0,24.7,78,SIT
10214,"Davis Allen",TE,LA,NYG,"Sean McVay","Dennard Wilson",54,15.5,1,46,7.8,1,24.4,79,SIT
5973,"Josh Oliver",TE,MIN,CHI,"Kevin O'Connell","Dennis Allen",29,6.3,3,16,1.7,3,24.3,80,SIT
12062,"Cam Grandy",TE,MIN,CHI,"Kevin O'Connell","Dennis Allen",29,6.3,3,50,,0,24.1,81,SIT
8177,"Grant Calcaterra",TE,PHI,TEN,"Sean Mannion","Robert Saleh",50,,0,50,,0,24.1,82,SIT
8583,"Stone Smartt",TE,NO,BAL,"Kellen Moore","Jesse Minter",50,,0,50,,0,23.8,83,SIT
4314,"Johnny Mundt",TE,PHI,TEN,"Sean Mannion","Robert Saleh",50,,0,44,7.1,1,23.7,84,SIT
12715,"Thomas Fidone",TE,NYG,LA,"Matt Nagy","Chris Shula",50,,0,50,,0,23.3,85,SIT
11201,"Blake Whiteheart",TE,CLE,TB,"Todd Monken","Todd Bowles",70,26.2,1,50,,0,22.9,86,SIT
12480,"Moliki Matavao",TE,NO,BAL,"Kellen Moore","Jesse Minter",50,,0,50,,0,22.9,87,SIT
11593,"Brevyn Spann-Ford",TE,DAL,WAS,"Brian Schottenheimer","Daronte Jones",50,,0,50,,0,22.3,88,SIT
12765,"Keleki Latu",TE,BUF,DET,"Joe Brady","Kelvin Sheppard",50,,0,50,,0,22.3,89,SIT
10224,"Brayden Willis",TE,SF,MIA,"Kyle Shanahan","Jeff Hafley",61,20.2,1,50,,0,22.2,90,SIT
5133,"Tyler Conklin",TE,DET,BUF,"Drew Petzing","Jim Leonhard",50,,0,50,,0,22.1,91,SIT
11716,"Tip Reiman",TE,ARI,SEA,"Mike LaFleur","Mike Macdonald",48,11.6,1,24,1.2,2,21.8,92,SIT
7536,"Quintin Morris",TE,JAX,DEN,"Liam Coen","Vance Joseph",54,14.95,2,33,1.5,1,21.6,93,SIT
10220,"Will Mallory",TE,IND,KC,"Shane Steichen","Steve Spagnuolo",61,20.2,1,50,,0,21.5,94,SIT
11600,"Ja'Tavion Sanders",TE,CAR,ATL,"Brad Idzik","Jeff Ulbrich",50,,0,34,4.65,2,21.4,95,SIT
8219,"Jelani Woods",TE,NYJ,GB,"Frank Reich","Jonathan Gannon",38,5,1,50,,0,21.4,96,SIT
10212,"Josh Whyle",TE,GB,NYJ,"Matt LaFleur","Aaron Glenn",40,10.6,4,40,5.3,1,21.4,97,SIT
7842,"Luke Farrell",TE,SF,MIA,"Kyle Shanahan","Jeff Hafley",61,20.2,1,30,0,1,21.1,98,SIT
8127,"Charlie Kolar",TE,LAC,LV,"Mike McDaniel","Rob Leonard",50,,0,50,,0,20.9,99,SIT
4189,"Eric Saubert",TE,SEA,ARI,"Brian Fleury","Nick Rallis",50,,0,28,2.85,2,20.9,100,SIT
12473,"Mitchell Evans",TE,CAR,ATL,"Brad Idzik","Jeff Ulbrich",50,,0,30,3.35,2,20.9,101,SIT
7075,"Charlie Woerner",TE,ATL,CAR,"Tommy Rees","Ejiro Evero",50,,0,11,0.17,3,20.8,102,SIT
11820,"Devin Culp",TE,TB,CLE,"Zac Robinson","Mike Rutenberg",50,,0,50,,0,20.6,103,SIT
8227,"Teagan Quitoriano",TE,ARI,SEA,"Mike LaFleur","Mike Macdonald",48,11.6,1,50,,0,20.1,104,SIT
10227,"Payne Durham",TE,TB,CLE,"Zac Robinson","Mike Rutenberg",50,,0,50,,0,19.8,105,SIT
11381,"Travis Vokolek",TE,ARI,SEA,"Mike LaFleur","Mike Macdonald",48,11.6,1,50,,0,19.7,106,SIT
10210,"Cameron Latu",TE,NE,PIT,"Josh McDaniels","Patrick Graham",49,12.6,1,50,,0,19.6,107,SIT
12389,"Hayden Rucci",TE,JAX,DEN,"Liam Coen","Vance Joseph",54,14.95,2,50,,0,19.6,108,SIT
4443,"Pharaoh Brown",TE,IND,KC,"Shane Steichen","Steve Spagnuolo",61,20.2,1,50,,0,19.3,109,SIT
4602,"Robert Tonyan",TE,PIT,NE,"Mike McCarthy","Zak Kuhr",50,,0,50,,0,19.3,110,SIT
12045,"Jack Westover",TE,WAS,DAL,"David Blough","Christian Parker",50,,0,50,,0,19,111,SIT
5008,"Durham Smythe",TE,BAL,NO,"Declan Doyle","Brandon Staley",50,,0,34,1.8,1,18.8,112,SIT
11942,"Colson Yankoff",TE,WAS,DAL,"David Blough","Christian Parker",50,,0,50,,0,18.5,113,SIT
3048,"Chris Manhertz",TE,NYG,LA,"Matt Nagy","Chris Shula",50,,0,50,,0,18.4,114,SIT
11304,"E.J. Jenkins",TE,PHI,TEN,"Sean Mannion","Robert Saleh",50,,0,50,,0,18.4,115,SIT
8484,"Ko Kieft",TE,TB,CLE,"Zac Robinson","Mike Rutenberg",50,,0,50,,0,18.2,116,SIT
7602,"Kylen Granson",TE,TEN,PHI,"Brian Daboll","Vic Fangio",29,3.8,2,50,,0,17.4,117,SIT
11508,"Princeton Fant",TE,DAL,WAS,"Brian Schottenheimer","Daronte Jones",50,,0,50,,0,17.4,118,SIT
12357,"David Martin-Robinson",TE,TEN,PHI,"Brian Daboll","Vic Fangio",29,3.8,2,50,,0,15.4,119,SIT
13121,"Ben Yurosek",TE,MIN,CHI,"Kevin O'Connell","Dennis Allen",29,6.3,3,50,,0,14.9,120,SIT
13151,"Nick Kallerup",TE,SEA,ARI,"Brian Fleury","Nick Rallis",50,,0,30,0,1,14.6,121,SIT
7531,"Feleipe Franks",TE,CAR,ATL,"Brad Idzik","Jeff Ulbrich",50,,0,30,0,1,14.5,122,SIT
13122,"Carter Runyon",TE,LV,LAC,"Klint Kubiak","Chris O'Leary",50,,0,50,,0,14.4,123,SIT
8107,"Nikola Kalinic",TE,CHI,MIN,"Ben Johnson","Brian Flores",40,10.6,4,50,,0,14.2,124,SIT
11595,"Jared Wiley",TE,KC,IND,"Andy Reid","Lou Anarumo",38,10.05,4,33,1.7,1,13.5,125,SIT